treatment,replicate,row,column,genotype,fragment,species,sp_rep,month,Y_na
control,1,c,1,3,31,aten,5,1,0.65
control,1,d,1,5,49,aten,9,1,0.664
control,1,e,2,2,9,aten,10,1,0.641
control,1,b,3,1,44,aten,3,1,0.647
control,1,b,6,2,35,aten,4,1,0.59
control,1,c,6,4,10,aten,6,1,0.682
control,1,c,7,3,50,aten,7,1,0.64
control,1,a,8,1,21,aten,1,1,0.615
control,1,c,8,5,4,aten,8,1,0.593
control,1,a,9,4,3,aten,2,1,0.659
control,1,a,1,4,44,pdae,1,1,0.683
control,1,b,1,4,4,pdae,4,1,0.668
control,1,e,3,3,31,pdae,9,1,0.675
control,1,c,4,2,31,pdae,5,1,0.688
control,1,d,4,2,32,pdae,7,1,0.715
control,1,a,5,5,5,pdae,2,1,0.668
control,1,a,7,1,33,pdae,3,1,0.698
control,1,c,10,1,28,pdae,6,1,0.723
control,1,d,10,2,34,pdae,8,1,0.692
control,1,e,10,5,8,pdae,10,1,0.594
control,1,a,2,2,34,plut,1,1,0.577
control,1,d,2,3,17,plut,7,1,0.596
control,1,b,5,2,44,plut,3,1,0.571
control,1,c,5,3,30,plut,6,1,0.595
control,1,e,5,4,6,plut,10,1,0.577
control,1,d,6,5,14,plut,8,1,0.623
control,1,b,8,1,34,plut,4,1,0.764
control,1,b,9,3,32,plut,5,1,0.708
control,1,d,9,4,19,plut,9,1,0.647
control,1,a,10,5,16,plut,2,1,0.618
control,1,e,1,4,45,pver,7,1,0.708
control,1,b,2,2,41,pver,3,1,0.711
control,1,a,4,4,44,pver,1,1,0.683
control,1,e,4,3,60,pver,8,1,0.648
control,1,a,6,4,50,pver,2,1,0.685
control,1,d,7,2,49,pver,6,1,0.685
control,1,e,8,5,28,pver,9,1,0.675
control,1,c,9,1,24,pver,5,1,0.715
control,1,e,9,3,61,pver,10,1,0.7
control,1,b,10,5,29,pver,4,1,0.604
dissolved,1,c,1,4,11,aten,5,1,0.677
dissolved,1,d,1,5,13,aten,9,1,0.617
dissolved,1,e,2,2,25,aten,10,1,0.604
dissolved,1,b,3,5,20,aten,3,1,0.614
dissolved,1,b,6,3,29,aten,4,1,0.618
dissolved,1,c,6,4,29,aten,6,1,0.665
dissolved,1,c,7,1,36,aten,7,1,0.635
dissolved,1,a,8,3,20,aten,1,1,0.627
dissolved,1,c,8,1,43,aten,8,1,0.638
dissolved,1,a,9,2,17,aten,2,1,0.631
dissolved,1,a,1,3,26,pdae,1,1,0.44
dissolved,1,b,1,1,51,pdae,4,1,0.672
dissolved,1,e,3,1,50,pdae,9,1,0.595
dissolved,1,c,4,5,40,pdae,5,1,0.645
dissolved,1,d,4,3,21,pdae,7,1,0.634
dissolved,1,a,5,2,29,pdae,2,1,0.707
dissolved,1,a,7,2,36,pdae,3,1,0.7
dissolved,1,c,10,5,23,pdae,6,1,0.618
dissolved,1,d,10,4,7,pdae,8,1,0.691
dissolved,1,e,10,4,21,pdae,10,1,0.667
dissolved,1,a,2,2,39,plut,1,1,0.598
dissolved,1,d,2,5,12,plut,7,1,0.657
dissolved,1,b,5,1,32,plut,3,1,0.678
dissolved,1,c,5,2,45,plut,6,1,0.531
dissolved,1,e,5,3,57,plut,10,1,0.63
dissolved,1,d,6,1,26,plut,8,1,0.658
dissolved,1,b,8,4,3,plut,4,1,0.623
dissolved,1,b,9,4,25,plut,5,1,0.648
dissolved,1,d,9,5,3,plut,9,1,0.637
dissolved,1,a,10,3,38,plut,2,1,0.652
dissolved,1,e,1,4,43,pver,7,1,0.708
dissolved,1,b,2,3,23,pver,3,1,0.706
dissolved,1,a,4,5,9,pver,1,1,0.69
dissolved,1,e,4,2,46,pver,8,1,0.706
dissolved,1,a,6,2,38,pver,2,1,0.738
dissolved,1,d,7,4,35,pver,6,1,0.716
dissolved,1,e,8,3,35,pver,9,1,0.737
dissolved,1,c,9,4,40,pver,5,1,0.664
dissolved,1,e,9,1,21,pver,10,1,0.712
dissolved,1,b,10,5,45,pver,4,1,0.696
fish,1,c,1,3,2,aten,5,1,0.635
fish,1,d,1,2,28,aten,9,1,0.615
fish,1,e,2,1,16,aten,10,1,0.628
fish,1,b,3,3,1,aten,3,1,0.612
fish,1,b,6,4,5,aten,4,1,0.667
fish,1,c,6,2,21,aten,6,1,0.62
fish,1,c,7,4,13,aten,7,1,0.692
fish,1,a,8,5,2,aten,1,1,0.59
fish,1,c,8,1,20,aten,8,1,0.631
fish,1,a,9,5,47,aten,2,1,0.614
fish,1,a,1,4,46,pdae,1,1,0.675
fish,1,b,1,5,47,pdae,4,1,0.688
fish,1,e,3,1,43,pdae,9,1,0.69
fish,1,c,4,3,29,pdae,5,1,0.697
fish,1,d,4,4,40,pdae,7,1,0.673
fish,1,a,5,5,46,pdae,2,1,0.658
fish,1,a,7,5,38,pdae,3,1,0.673
fish,1,c,10,2,40,pdae,6,1,0.746
fish,1,d,10,1,15,pdae,8,1,0.752
fish,1,e,10,2,20,pdae,10,1,0.659
fish,1,a,2,2,38,plut,1,1,0.601
fish,1,d,2,3,11,plut,7,1,0.643
fish,1,b,5,3,15,plut,3,1,0.607
fish,1,c,5,4,17,plut,6,1,0.576
fish,1,e,5,4,13,plut,10,1,0.61
fish,1,d,6,5,6,plut,8,1,0.65
fish,1,b,8,1,35,plut,4,1,0.717
fish,1,b,9,2,16,plut,5,1,0.574
fish,1,d,9,5,5,plut,9,1,0.632
fish,1,a,10,1,5,plut,2,1,0.667
fish,1,e,1,3,57,pver,7,1,0.668
fish,1,b,2,2,50,pver,3,1,0.699
fish,1,a,4,5,56,pver,1,1,0.639
fish,1,e,4,2,43,pver,8,1,0.696
fish,1,a,6,2,42,pver,2,1,0.65
fish,1,d,7,4,48,pver,6,1,0.688
fish,1,e,8,4,47,pver,9,1,0.698
fish,1,c,9,1,20,pver,5,1,0.741
fish,1,e,9,3,58,pver,10,1,0.694
fish,1,b,10,1,15,pver,4,1,0.706
livefeeds,1,c,1,2,10,aten,5,1,0.617
livefeeds,1,d,1,1,45,aten,9,1,0.641
livefeeds,1,e,2,1,37,aten,10,1,0.628
livefeeds,1,b,3,2,18,aten,3,1,0.608
livefeeds,1,b,6,3,21,aten,4,1,0.614
livefeeds,1,c,6,3,11,aten,6,1,0.609
livefeeds,1,c,7,4,21,aten,7,1,0.663
livefeeds,1,a,8,5,3,aten,1,1,0.628
livefeeds,1,c,8,5,12,aten,8,1,0.626
livefeeds,1,a,9,4,9,aten,2,1,0.676
livefeeds,1,a,1,2,19,pdae,1,1,0.69
livefeeds,1,b,1,1,42,pdae,4,1,0.7
livefeeds,1,e,3,3,13,pdae,9,1,0.75
livefeeds,1,c,4,4,8,pdae,5,1,0.686
livefeeds,1,d,4,4,17,pdae,7,1,0.684
livefeeds,1,a,5,5,35,pdae,2,1,0.671
livefeeds,1,a,7,5,24,pdae,3,1,0.697
livefeeds,1,c,10,3,34,pdae,6,1,0.718
livefeeds,1,d,10,1,46,pdae,8,1,0.703
livefeeds,1,e,10,2,10,pdae,10,1,0.68
livefeeds,1,a,2,5,18,plut,1,1,0.62
livefeeds,1,d,2,2,10,plut,7,1,0.529
livefeeds,1,b,5,3,42,plut,3,1,0.634
livefeeds,1,c,5,2,37,plut,6,1,0.55
livefeeds,1,e,5,3,7,plut,10,1,0.651
livefeeds,1,d,6,1,9,plut,8,1,0.659
livefeeds,1,b,8,5,9,plut,4,1,0.697
livefeeds,1,b,9,4,26,plut,5,1,0.631
livefeeds,1,d,9,4,21,plut,9,1,0.686
livefeeds,1,a,10,1,33,plut,2,1,0.75
livefeeds,1,e,1,4,27,pver,7,1,0.693
livefeeds,1,b,2,5,1,pver,3,1,0.689
livefeeds,1,a,4,3,15,pver,1,1,0.702
livefeeds,1,e,4,5,32,pver,8,1,0.743
livefeeds,1,a,6,2,1,pver,2,1,0.675
livefeeds,1,d,7,4,41,pver,6,1,0.654
livefeeds,1,e,8,2,22,pver,9,1,0.612
livefeeds,1,c,9,1,35,pver,5,1,0.71
livefeeds,1,e,9,2,35,pver,10,1,0.724
livefeeds,1,b,10,3,16,pver,4,1,0.703
mix,1,c,1,4,4,aten,5,1,0.654
mix,1,d,1,2,38,aten,9,1,0.61
mix,1,e,2,4,6,aten,10,1,0.671
mix,1,b,3,3,3,aten,3,1,0.645
mix,1,b,6,5,8,aten,4,1,0.593
mix,1,c,6,1,14,aten,6,1,0.635
mix,1,c,7,2,1,aten,7,1,0.615
mix,1,a,8,5,50,aten,1,1,0.63
mix,1,c,8,1,27,aten,8,1,0.625
mix,1,a,9,3,9,aten,2,1,0.642
mix,1,a,1,2,14,pdae,1,1,0.685
mix,1,b,1,5,48,pdae,4,1,0.682
mix,1,e,3,5,50,pdae,9,1,0.699
mix,1,c,4,3,35,pdae,5,1,0.742
mix,1,d,4,2,30,pdae,7,1,0.667
mix,1,a,5,1,37,pdae,2,1,0.696
mix,1,a,7,1,23,pdae,3,1,0.704
mix,1,c,10,4,49,pdae,6,1,0.707
mix,1,d,10,2,37,pdae,8,1,0.662
mix,1,e,10,4,20,pdae,10,1,0.687
mix,1,a,2,3,36,plut,1,1,0.876
mix,1,d,2,3,6,plut,7,1,0.637
mix,1,b,5,5,17,plut,3,1,0.634
mix,1,c,5,5,10,plut,6,1,0.629
mix,1,e,5,2,40,plut,10,1,0.599
mix,1,d,6,1,1,plut,8,1,0.663
mix,1,b,8,4,2,plut,4,1,0.653
mix,1,b,9,1,24,plut,5,1,0.688
mix,1,d,9,4,22,plut,9,1,0.58
mix,1,a,10,2,3,plut,2,1,0.5
mix,1,e,1,3,55,pver,7,1,0.686
mix,1,b,2,2,47,pver,3,1,0.711
mix,1,a,4,2,40,pver,1,1,0.726
mix,1,e,4,5,44,pver,8,1,0.654
mix,1,a,6,4,46,pver,2,1,0.702
mix,1,d,7,4,49,pver,6,1,0.709
mix,1,e,8,3,56,pver,9,1,0.668
mix,1,c,9,5,57,pver,5,1,0.681
mix,1,e,9,1,34,pver,10,1,0.728
mix,1,b,10,3,59,pver,4,1,0.665
pellets,1,c,1,1,31,aten,5,1,0.584
pellets,1,d,1,2,12,aten,9,1,0.638
pellets,1,e,2,1,32,aten,10,1,0.617
pellets,1,b,3,3,47,aten,3,1,0.653
pellets,1,b,6,3,36,aten,4,1,0.646
pellets,1,c,6,2,47,aten,6,1,0.6
pellets,1,c,7,4,43,aten,7,1,0.662
pellets,1,a,8,5,34,aten,1,1,0.573
pellets,1,c,8,4,40,aten,8,1,0.67
pellets,1,a,9,5,40,aten,2,1,0.626
pellets,1,a,1,3,44,pdae,1,1,0.532
pellets,1,b,1,4,15,pdae,4,1,0.672
pellets,1,e,3,5,19,pdae,9,1,0.672
pellets,1,c,4,2,7,pdae,5,1,0.697
pellets,1,d,4,4,37,pdae,7,1,0.65
pellets,1,a,5,3,2,pdae,2,1,0.671
pellets,1,a,7,1,47,pdae,3,1,0.651
pellets,1,c,10,1,8,pdae,6,1,0.688
pellets,1,d,10,5,21,pdae,8,1,0.722
pellets,1,e,10,2,13,pdae,10,1,0.681
pellets,1,a,2,5,40,plut,1,1,0.639
pellets,1,d,2,2,50,plut,7,1,0.615
pellets,1,b,5,3,45,plut,3,1,0.626
pellets,1,c,5,2,25,plut,6,1,0.557
pellets,1,e,5,1,23,plut,10,1,0.647
pellets,1,d,6,3,28,plut,8,1,0.611
pellets,1,b,8,4,33,plut,4,1,0.621
pellets,1,b,9,5,32,plut,5,1,0.649
pellets,1,d,9,3,20,plut,9,1,0.62
pellets,1,a,10,4,27,plut,2,1,0.628
pellets,1,e,1,3,18,pver,7,1,0.685
pellets,1,b,2,4,38,pver,3,1,0.697
pellets,1,a,4,5,20,pver,1,1,0.668
pellets,1,e,4,2,34,pver,8,1,0.679
pellets,1,a,6,1,26,pver,2,1,0.672
pellets,1,d,7,2,17,pver,6,1,0.686
pellets,1,e,8,5,17,pver,9,1,0.713
pellets,1,c,9,1,8,pver,5,1,0.684
pellets,1,e,9,3,2,pver,10,1,0.685
pellets,1,b,10,4,17,pver,4,1,0.707
control,2,c,1,1,24,aten,5,1,0.647
control,2,d,1,1,19,aten,9,1,0.634
control,2,e,2,2,48,aten,10,1,0.633
control,2,b,3,2,13,aten,3,1,0.631
control,2,b,6,3,16,aten,4,1,0.656
control,2,c,6,3,17,aten,6,1,0.687
control,2,c,7,5,46,aten,7,1,0.631
control,2,a,8,4,12,aten,1,1,0.662
control,2,c,8,5,45,aten,8,1,0.635
control,2,a,9,4,18,aten,2,1,0.683
control,2,a,1,4,39,pdae,1,1,0.685
control,2,b,1,5,1,pdae,4,1,0.658
control,2,e,3,4,47,pdae,9,1,0.702
control,2,c,4,2,1,pdae,5,1,0.685
control,2,d,4,5,2,pdae,7,1,0.669
control,2,a,5,2,23,pdae,2,1,0.715
control,2,a,7,1,39,pdae,3,1,0.684
control,2,c,10,3,7,pdae,6,1,0.712
control,2,d,10,1,36,pdae,8,1,0.705
control,2,e,10,3,24,pdae,10,1,0.725
control,2,a,2,3,16,plut,1,1,0.631
control,2,d,2,5,21,plut,7,1,0.639
control,2,b,5,3,25,plut,3,1,0.616
control,2,c,5,5,2,plut,6,1,0.569
control,2,e,5,2,46,plut,10,1,0.535
control,2,d,6,4,7,plut,8,1,0.559
control,2,b,8,4,20,plut,4,1,0.61
control,2,b,9,2,29,plut,5,1,0.506
control,2,d,9,3,1,plut,9,1,0.603
control,2,a,10,1,3,plut,2,1,0.634
control,2,e,1,5,31,pver,7,1,0.689
control,2,b,2,5,38,pver,3,1,0.683
control,2,a,4,4,23,pver,1,1,0.71
control,2,e,4,4,24,pver,8,1,0.702
control,2,a,6,3,34,pver,2,1,0.662
control,2,d,7,3,41,pver,6,1,0.662
control,2,e,8,2,14,pver,9,1,0.721
control,2,c,9,1,3,pver,5,1,0.649
control,2,e,9,3,26,pver,10,1,0.678
control,2,b,10,2,21,pver,4,1,0.712
dissolved,2,c,1,1,42,aten,5,1,0.665
dissolved,2,d,1,1,48,aten,9,1,0.66
dissolved,2,e,2,3,14,aten,10,1,0.622
dissolved,2,b,3,3,19,aten,3,1,0.628
dissolved,2,b,6,2,23,aten,4,1,0.619
dissolved,2,c,6,4,7,aten,6,1,0.664
dissolved,2,c,7,5,48,aten,7,1,0.657
dissolved,2,a,8,4,14,aten,1,1,0.654
dissolved,2,c,8,2,34,aten,8,1,0.581
dissolved,2,a,9,5,5,aten,2,1,0.635
dissolved,2,a,1,2,12,pdae,1,1,0.683
dissolved,2,b,1,5,34,pdae,4,1,0.611
dissolved,2,e,3,1,40,pdae,9,1,0.68
dissolved,2,c,4,3,23,pdae,5,1,0.639
dissolved,2,d,4,3,20,pdae,7,1,0.609
dissolved,2,a,5,4,3,pdae,2,1,0.697
dissolved,2,a,7,1,16,pdae,3,1,0.64
dissolved,2,c,10,5,16,pdae,6,1,0.588
dissolved,2,d,10,2,16,pdae,8,1,0.687
dissolved,2,e,10,4,19,pdae,10,1,0.673
dissolved,2,a,2,2,24,plut,1,1,0.59
dissolved,2,d,2,3,29,plut,7,1,0.645
dissolved,2,b,5,3,4,plut,3,1,0.661
dissolved,2,c,5,4,1,plut,6,1,0.592
dissolved,2,e,5,4,24,plut,10,1,0.688
dissolved,2,d,6,1,17,plut,8,1,0.673
dissolved,2,b,8,5,15,plut,4,1,0.667
dissolved,2,b,9,5,7,plut,5,1,0.657
dissolved,2,d,9,1,10,plut,9,1,0.782
dissolved,2,a,10,2,52,plut,2,1,0.65
dissolved,2,e,1,5,2,pver,7,1,0.682
dissolved,2,b,2,4,20,pver,3,1,0.719
dissolved,2,a,4,5,15,pver,1,1,0.673
dissolved,2,e,4,4,19,pver,8,1,0.684
dissolved,2,a,6,3,10,pver,2,1,0.686
dissolved,2,d,7,2,30,pver,6,1,0.694
dissolved,2,e,8,3,25,pver,9,1,0.693
dissolved,2,c,9,1,6,pver,5,1,0.711
dissolved,2,e,9,2,31,pver,10,1,0.743
dissolved,2,b,10,1,18,pver,4,1,0.724
fish,2,c,1,4,26,aten,5,1,0.674
fish,2,d,1,2,31,aten,9,1,0.62
fish,2,e,2,1,22,aten,10,1,0.618
fish,2,b,3,3,24,aten,3,1,0.681
fish,2,b,6,2,24,aten,4,1,0.627
fish,2,c,6,3,25,aten,6,1,0.629
fish,2,c,7,4,20,aten,7,1,0.652
fish,2,a,8,5,30,aten,1,1,0.632
fish,2,c,8,5,31,aten,8,1,0.616
fish,2,a,9,1,23,aten,2,1,0.624
fish,2,a,1,4,22,pdae,1,1,0.69
fish,2,b,1,5,52,pdae,4,1,0.665
fish,2,e,3,3,42,pdae,9,1,0.694
fish,2,c,4,1,6,pdae,5,1,0.761
fish,2,d,4,2,24,pdae,7,1,0.687
fish,2,a,5,5,33,pdae,2,1,0.671
fish,2,a,7,4,29,pdae,3,1,0.689
fish,2,c,10,1,5,pdae,6,1,0.749
fish,2,d,10,3,28,pdae,8,1,0.712
fish,2,e,10,2,21,pdae,10,1,0.704
fish,2,a,2,2,17,plut,1,1,0.508
fish,2,d,2,3,2,plut,7,1,0.616
fish,2,b,5,3,55,plut,3,1,0.617
fish,2,c,5,4,4,plut,6,1,0.569
fish,2,e,5,1,7,plut,10,1,0.768
fish,2,d,6,5,11,plut,8,1,0.6
fish,2,b,8,5,19,plut,4,1,0.634
fish,2,b,9,2,43,plut,5,1,0.524
fish,2,d,9,4,23,plut,9,1,0.627
fish,2,a,10,1,18,plut,2,1,0.725
fish,2,e,1,2,15,pver,7,1,0.713
fish,2,b,2,3,28,pver,3,1,0.636
fish,2,a,4,5,3,pver,1,1,0.66
fish,2,e,4,5,11,pver,8,1,0.627
fish,2,a,6,4,22,pver,2,1,0.657
fish,2,d,7,3,27,pver,6,1,0.678
fish,2,e,8,2,9,pver,9,1,0.714
fish,2,c,9,1,5,pver,5,1,0.705
fish,2,e,9,3,22,pver,10,1,0.681
fish,2,b,10,4,10,pver,4,1,0.674
livefeeds,2,c,1,2,39,aten,5,1,0.651
livefeeds,2,d,1,2,6,aten,9,1,0.656
livefeeds,2,e,2,4,8,aten,10,1,0.679
livefeeds,2,b,3,1,10,aten,3,1,0.623
livefeeds,2,b,6,1,13,aten,4,1,0.639
livefeeds,2,c,6,3,12,aten,6,1,0.634
livefeeds,2,c,7,4,19,aten,7,1,0.653
livefeeds,2,a,8,5,10,aten,1,1,0.638
livefeeds,2,c,8,5,38,aten,8,1,0.643
livefeeds,2,a,9,3,26,aten,2,1,0.685
livefeeds,2,a,1,2,41,pdae,1,1,0.699
livefeeds,2,b,1,4,41,pdae,4,1,0.665
livefeeds,2,e,3,3,22,pdae,9,1,0.679
livefeeds,2,c,4,3,45,pdae,5,1,0.668
livefeeds,2,d,4,4,27,pdae,7,1,0.717
livefeeds,2,a,5,5,13,pdae,2,1,0.675
livefeeds,2,a,7,5,22,pdae,3,1,0.665
livefeeds,2,c,10,1,24,pdae,6,1,0.716
livefeeds,2,d,10,2,27,pdae,8,1,0.713
livefeeds,2,e,10,1,22,pdae,10,1,0.702
livefeeds,2,a,2,3,46,plut,1,1,0.539
livefeeds,2,d,2,2,27,plut,7,1,0.603
livefeeds,2,b,5,3,13,plut,3,1,0.668
livefeeds,2,c,5,4,15,plut,6,1,0.606
livefeeds,2,e,5,5,22,plut,10,1,0.654
livefeeds,2,d,6,2,8,plut,8,1,0.494
livefeeds,2,b,8,1,22,plut,4,1,0.636
livefeeds,2,b,9,4,11,plut,5,1,0.594
livefeeds,2,d,9,5,1,plut,9,1,0.644
livefeeds,2,a,10,1,12,plut,2,1,0.654
livefeeds,2,e,1,4,21,pver,7,1,0.666
livefeeds,2,b,2,3,38,pver,3,1,0.68
livefeeds,2,a,4,2,8,pver,1,1,0.699
livefeeds,2,e,4,3,20,pver,8,1,0.699
livefeeds,2,a,6,2,16,pver,2,1,0.695
livefeeds,2,d,7,1,2,pver,6,1,0.718
livefeeds,2,e,8,1,11,pver,9,1,0.634
livefeeds,2,c,9,4,42,pver,5,1,0.698
livefeeds,2,e,9,5,34,pver,10,1,0.671
livefeeds,2,b,10,5,33,pver,4,1,0.696
mix,2,c,1,2,2,aten,5,1,0.616
mix,2,d,1,5,39,aten,9,1,0.619
mix,2,e,2,4,2,aten,10,1,0.695
mix,2,b,3,4,42,aten,3,1,0.673
mix,2,b,6,5,24,aten,4,1,0.595
mix,2,c,6,3,18,aten,6,1,0.639
mix,2,c,7,1,1,aten,7,1,0.612
mix,2,a,8,2,16,aten,1,1,0.609
mix,2,c,8,3,10,aten,8,1,0.603
mix,2,a,9,1,28,aten,2,1,0.614
mix,2,a,1,4,6,pdae,1,1,0.7
mix,2,b,1,4,2,pdae,4,1,0.618
mix,2,e,3,4,32,pdae,9,1,0.767
mix,2,c,4,3,3,pdae,5,1,0.711
mix,2,d,4,2,49,pdae,7,1,0.716
mix,2,a,5,5,37,pdae,2,1,0.699
mix,2,a,7,2,44,pdae,3,1,0.758
mix,2,c,10,1,11,pdae,6,1,0.748
mix,2,d,10,1,41,pdae,8,1,0.74
mix,2,e,10,5,36,pdae,10,1,0.701
mix,2,a,2,3,60,plut,1,1,0.65
mix,2,d,2,5,4,plut,7,1,0.701
mix,2,b,5,1,25,plut,3,1,0.647
mix,2,c,5,2,49,plut,6,1,0.578
mix,2,e,5,5,13,plut,10,1,0.686
mix,2,d,6,2,35,plut,8,1,0.658
mix,2,b,8,3,26,plut,4,1,0.659
mix,2,b,9,4,10,plut,5,1,0.632
mix,2,d,9,4,16,plut,9,1,0.654
mix,2,a,10,1,19,plut,2,1,0.687
mix,2,e,1,2,44,pver,7,1,0.709
mix,2,b,2,2,48,pver,3,1,0.703
mix,2,a,4,4,29,pver,1,1,0.733
mix,2,e,4,3,19,pver,8,1,0.693
mix,2,a,6,3,24,pver,2,1,0.685
mix,2,d,7,4,30,pver,6,1,0.715
mix,2,e,8,5,35,pver,9,1,0.605
mix,2,c,9,5,30,pver,5,1,0.686
mix,2,e,9,1,22,pver,10,1,0.704
mix,2,b,10,2,37,pver,4,1,0.625
pellets,2,c,1,2,27,aten,5,1,0.655
pellets,2,d,1,1,7,aten,9,1,0.649
pellets,2,e,2,1,6,aten,10,1,0.609
pellets,2,b,3,2,26,aten,3,1,0.617
pellets,2,b,6,3,40,aten,4,1,0.641
pellets,2,c,6,3,33,aten,6,1,0.643
pellets,2,c,7,5,25,aten,7,1,0.622
pellets,2,a,8,4,23,aten,1,1,0.678
pellets,2,c,8,5,26,aten,8,1,0.594
pellets,2,a,9,4,22,aten,2,1,0.662
pellets,2,a,1,2,54,pdae,1,1,0.686
pellets,2,b,1,1,35,pdae,4,1,0.697
pellets,2,e,3,2,17,pdae,9,1,0.674
pellets,2,c,4,4,12,pdae,5,1,0.678
pellets,2,d,4,3,38,pdae,7,1,0.627
pellets,2,a,5,1,34,pdae,2,1,0.682
pellets,2,a,7,3,18,pdae,3,1,0.67
pellets,2,c,10,5,12,pdae,6,1,0.711
pellets,2,d,10,4,25,pdae,8,1,0.675
pellets,2,e,10,5,3,pdae,10,1,0.678
pellets,2,a,2,2,12,plut,1,1,0.63
pellets,2,d,2,3,48,plut,7,1,0.607
pellets,2,b,5,5,45,plut,3,1,0.646
pellets,2,c,5,5,30,plut,6,1,0.667
pellets,2,e,5,4,51,plut,10,1,0.621
pellets,2,d,6,2,41,plut,8,1,0.611
pellets,2,b,8,4,59,plut,4,1,0.638
pellets,2,b,9,3,33,plut,5,1,0.628
pellets,2,d,9,2,7,plut,9,1,0.603
pellets,2,a,10,1,21,plut,2,1,0.65
pellets,2,e,1,2,24,pver,7,1,0.713
pellets,2,b,2,2,5,pver,3,1,0.689
pellets,2,a,4,5,5,pver,1,1,0.728
pellets,2,e,4,4,1,pver,8,1,0.71
pellets,2,a,6,1,10,pver,2,1,0.679
pellets,2,d,7,1,38,pver,6,1,0.701
pellets,2,e,8,3,36,pver,9,1,0.676
pellets,2,c,9,5,23,pver,5,1,0.703
pellets,2,e,9,4,36,pver,10,1,0.687
pellets,2,b,10,3,30,pver,4,1,0.666
control,3,c,1,3,32,aten,5,1,0.685
control,3,d,1,1,3,aten,9,1,0.691
control,3,e,2,1,26,aten,10,1,0.586
control,3,b,3,4,1,aten,3,1,0.658
control,3,b,6,1,38,aten,4,1,0.668
control,3,c,6,2,32,aten,6,1,0.603
control,3,c,7,4,16,aten,7,1,0.635
control,3,a,8,5,11,aten,1,1,0.611
control,3,c,8,3,46,aten,8,1,0.651
control,3,a,9,5,1,aten,2,1,0.638
control,3,a,1,1,20,pdae,1,1,0.714
control,3,b,1,4,33,pdae,4,1,0.709
control,3,e,3,3,14,pdae,9,1,0.667
control,3,c,4,2,46,pdae,5,1,0.736
control,3,d,4,5,54,pdae,7,1,0.74
control,3,a,5,4,42,pdae,2,1,0.713
control,3,a,7,5,10,pdae,3,1,0.807
control,3,c,10,2,38,pdae,6,1,0.738
control,3,d,10,1,25,pdae,8,1,0.738
control,3,e,10,3,15,pdae,10,1,0.731
control,3,a,2,4,8,plut,1,1,0.625
control,3,d,2,4,9,plut,7,1,0.627
control,3,b,5,5,23,plut,3,1,0.62
control,3,c,5,2,20,plut,6,1,0.608
control,3,e,5,3,56,plut,10,1,0.584
control,3,d,6,2,31,plut,8,1,0.511
control,3,b,8,3,22,plut,4,1,0.658
control,3,b,9,1,6,plut,5,1,0.646
control,3,d,9,5,8,plut,9,1,0.602
control,3,a,10,1,8,plut,2,1,0.666
control,3,e,1,3,12,pver,7,1,0.646
control,3,b,2,3,11,pver,3,1,0.68
control,3,a,4,5,40,pver,1,1,0.689
control,3,e,4,5,39,pver,8,1,0.653
control,3,a,6,4,33,pver,2,1,0.664
control,3,d,7,1,4,pver,6,1,0.708
control,3,e,8,4,34,pver,9,1,0.633
control,3,c,9,2,13,pver,5,1,0.678
control,3,e,9,2,23,pver,10,1,0.693
control,3,b,10,1,36,pver,4,1,0.678
dissolved,3,c,1,3,37,aten,5,1,0.648
dissolved,3,d,1,3,30,aten,9,1,0.66
dissolved,3,e,2,2,42,aten,10,1,0.616
dissolved,3,b,3,2,44,aten,3,1,0.635
dissolved,3,b,6,4,27,aten,4,1,0.665
dissolved,3,c,6,1,33,aten,6,1,0.625
dissolved,3,c,7,1,41,aten,7,1,0.627
dissolved,3,a,8,4,25,aten,1,1,0.674
dissolved,3,c,8,5,7,aten,8,1,0.635
dissolved,3,a,9,5,6,aten,2,1,0.625
dissolved,3,a,1,2,55,pdae,1,1,0.687
dissolved,3,b,1,4,34,pdae,4,1,0.677
dissolved,3,e,3,5,45,pdae,9,1,0.592
dissolved,3,c,4,1,10,pdae,5,1,0.68
dissolved,3,d,4,1,17,pdae,7,1,0.667
dissolved,3,a,5,2,53,pdae,2,1,0.659
dissolved,3,a,7,5,4,pdae,3,1,0.572
dissolved,3,c,10,3,11,pdae,6,1,0.692
dissolved,3,d,10,3,33,pdae,8,1,0.62
dissolved,3,e,10,4,48,pdae,10,1,0.606
dissolved,3,a,2,2,13,plut,1,1,0.529
dissolved,3,d,2,3,44,plut,7,1,0.609
dissolved,3,b,5,4,38,plut,3,1,0.616
dissolved,3,c,5,4,43,plut,6,1,0.709
dissolved,3,e,5,5,51,plut,10,1,0.613
dissolved,3,d,6,1,31,plut,8,1,0.688
dissolved,3,b,8,5,29,plut,4,1,0.62
dissolved,3,b,9,5,33,plut,5,1,0.637
dissolved,3,d,9,2,22,plut,9,1,0.578
dissolved,3,a,10,3,18,plut,2,1,0.657
dissolved,3,e,1,5,10,pver,7,1,0.649
dissolved,3,b,2,1,28,pver,3,1,0.673
dissolved,3,a,4,5,4,pver,1,1,0.683
dissolved,3,e,4,1,7,pver,8,1,0.686
dissolved,3,a,6,2,51,pver,2,1,0.693
dissolved,3,d,7,4,12,pver,6,1,0.78
dissolved,3,e,8,2,45,pver,9,1,0.728
dissolved,3,c,9,3,31,pver,5,1,0.711
dissolved,3,e,9,4,32,pver,10,1,0.703
dissolved,3,b,10,3,32,pver,4,1,0.752
fish,3,c,1,1,30,aten,5,1,0.628
fish,3,d,1,1,29,aten,9,1,0.624
fish,3,e,2,4,41,aten,10,1,0.635
fish,3,b,3,3,35,aten,3,1,0.657
fish,3,b,6,2,41,aten,4,1,0.577
fish,3,c,6,2,33,aten,6,1,0.624
fish,3,c,7,4,34,aten,7,1,0.606
fish,3,a,8,5,14,aten,1,1,0.566
fish,3,c,8,3,34,aten,8,1,0.624
fish,3,a,9,5,15,aten,2,1,0.631
fish,3,a,1,5,28,pdae,1,1,0.68
fish,3,b,1,4,43,pdae,4,1,0.693
fish,3,e,3,5,44,pdae,9,1,0.598
fish,3,c,4,2,35,pdae,5,1,0.67
fish,3,d,4,3,40,pdae,7,1,0.673
fish,3,a,5,4,5,pdae,2,1,0.697
fish,3,a,7,3,17,pdae,3,1,0.681
fish,3,c,10,1,19,pdae,6,1,0.689
fish,3,d,10,1,3,pdae,8,1,0.693
fish,3,e,10,2,26,pdae,10,1,0.682
fish,3,a,2,4,41,plut,1,1,0.577
fish,3,d,2,5,53,plut,7,1,0.653
fish,3,b,5,3,47,plut,3,1,0.62
fish,3,c,5,4,31,plut,6,1,0.577
fish,3,e,5,2,26,plut,10,1,0.551
fish,3,d,6,5,46,plut,8,1,0.635
fish,3,b,8,1,13,plut,4,1,0.661
fish,3,b,9,3,54,plut,5,1,0.599
fish,3,d,9,2,5,plut,9,1,0.562
fish,3,a,10,3,49,plut,2,1,0.619
fish,3,e,1,2,29,pver,7,1,0.694
fish,3,b,2,4,6,pver,3,1,0.715
fish,3,a,4,2,7,pver,1,1,0.674
fish,3,e,4,5,36,pver,8,1,0.664
fish,3,a,6,5,27,pver,2,1,0.601
fish,3,d,7,1,32,pver,6,1,0.828
fish,3,e,8,3,4,pver,9,1,0.661
fish,3,c,9,1,16,pver,5,1,0.692
fish,3,e,9,4,9,pver,10,1,0.708
fish,3,b,10,3,3,pver,4,1,0.698
livefeeds,3,c,1,1,40,aten,5,1,0.617
livefeeds,3,d,1,3,49,aten,9,1,0.64
livefeeds,3,e,2,2,43,aten,10,1,0.684
livefeeds,3,b,3,3,43,aten,3,1,0.644
livefeeds,3,b,6,1,39,aten,4,1,0.633
livefeeds,3,c,6,2,37,aten,6,1,0.63
livefeeds,3,c,7,4,33,aten,7,1,0.692
livefeeds,3,a,8,5,19,aten,1,1,0.635
livefeeds,3,c,8,4,32,aten,8,1,0.693
livefeeds,3,a,9,5,18,aten,2,1,0.666
livefeeds,3,a,1,4,36,pdae,1,1,0.698
livefeeds,3,b,1,2,39,pdae,4,1,0.679
livefeeds,3,e,3,5,14,pdae,9,1,0.697
livefeeds,3,c,4,2,18,pdae,5,1,0.715
livefeeds,3,d,4,4,24,pdae,7,1,0.717
livefeeds,3,a,5,3,12,pdae,2,1,0.671
livefeeds,3,a,7,5,9,pdae,3,1,0.701
livefeeds,3,c,10,1,9,pdae,6,1,0.692
livefeeds,3,d,10,1,52,pdae,8,1,0.692
livefeeds,3,e,10,3,30,pdae,10,1,0.677
livefeeds,3,a,2,5,36,plut,1,1,0.605
livefeeds,3,d,2,3,14,plut,7,1,0.603
livefeeds,3,b,5,2,28,plut,3,1,0.533
livefeeds,3,c,5,3,34,plut,6,1,0.596
livefeeds,3,e,5,4,39,plut,10,1,0.549
livefeeds,3,d,6,2,36,plut,8,1,0.483
livefeeds,3,b,8,1,14,plut,4,1,0.659
livefeeds,3,b,9,3,8,plut,5,1,0.567
livefeeds,3,d,9,5,27,plut,9,1,0.596
livefeeds,3,a,10,4,55,plut,2,1,0.587
livefeeds,3,e,1,4,13,pver,7,1,0.699
livefeeds,3,b,2,2,32,pver,3,1,0.717
livefeeds,3,a,4,4,39,pver,1,1,0.689
livefeeds,3,e,4,2,4,pver,8,1,0.664
livefeeds,3,a,6,1,13,pver,2,1,0.679
livefeeds,3,d,7,1,19,pver,6,1,0.647
livefeeds,3,e,8,3,1,pver,9,1,0.685
livefeeds,3,c,9,5,21,pver,5,1,0.629
livefeeds,3,e,9,3,8,pver,10,1,0.673
livefeeds,3,b,10,5,22,pver,4,1,0.712
mix,3,c,1,1,34,aten,5,1,0.586
mix,3,d,1,1,46,aten,9,1,0.616
mix,3,e,2,3,27,aten,10,1,0.664
mix,3,b,3,2,46,aten,3,1,0.6
mix,3,b,6,3,39,aten,4,1,0.639
mix,3,c,6,2,49,aten,6,1,0.587
mix,3,c,7,4,24,aten,7,1,0.653
mix,3,a,8,5,9,aten,1,1,0.617
mix,3,c,8,4,17,aten,8,1,0.67
mix,3,a,9,5,23,aten,2,1,0.605
mix,3,a,1,4,18,pdae,1,1,0.642
mix,3,b,1,3,36,pdae,4,1,0.652
mix,3,e,3,3,47,pdae,9,1,0.669
mix,3,c,4,2,6,pdae,5,1,0.693
mix,3,d,4,2,50,pdae,7,1,0.69
mix,3,a,5,1,26,pdae,2,1,0.717
mix,3,a,7,4,23,pdae,3,1,0.688
mix,3,c,10,5,17,pdae,6,1,0.679
mix,3,d,10,1,2,pdae,8,1,0.72
mix,3,e,10,5,51,pdae,10,1,0.679
mix,3,a,2,3,23,plut,1,1,0.623
mix,3,d,2,4,48,plut,7,1,0.603
mix,3,b,5,3,12,plut,3,1,0.63
mix,3,c,5,5,49,plut,6,1,0.635
mix,3,e,5,5,52,plut,10,1,0.631
mix,3,d,6,2,30,plut,8,1,0.585
mix,3,b,8,4,46,plut,4,1,0.808
mix,3,b,9,2,42,plut,5,1,0.594
mix,3,d,9,1,15,plut,9,1,0.691
mix,3,a,10,1,11,plut,2,1,0.714
mix,3,e,1,4,5,pver,7,1,0.68
mix,3,b,2,5,16,pver,3,1,0.651
mix,3,a,4,4,18,pver,1,1,0.72
mix,3,e,4,2,3,pver,8,1,0.674
mix,3,a,6,5,41,pver,2,1,0.598
mix,3,d,7,3,33,pver,6,1,0.675
mix,3,e,8,1,14,pver,9,1,0.702
mix,3,c,9,1,9,pver,5,1,0.682
mix,3,e,9,3,13,pver,10,1,0.681
mix,3,b,10,2,10,pver,4,1,0.686
pellets,3,c,1,2,20,aten,5,1,0.597
pellets,3,d,1,1,5,aten,9,1,0.659
pellets,3,e,2,2,51,aten,10,1,0.627
pellets,3,b,3,2,45,aten,3,1,0.598
pellets,3,b,6,3,45,aten,4,1,0.63
pellets,3,c,6,3,61,aten,6,1,0.632
pellets,3,c,7,4,44,aten,7,1,0.642
pellets,3,a,8,5,35,aten,1,1,0.643
pellets,3,c,8,5,32,aten,8,1,0.605
pellets,3,a,9,4,30,aten,2,1,0.691
pellets,3,a,1,3,25,pdae,1,1,0.71
pellets,3,b,1,4,30,pdae,4,1,0.671
pellets,3,e,3,5,49,pdae,9,1,0.665
pellets,3,c,4,1,29,pdae,5,1,0.694
pellets,3,d,4,5,18,pdae,7,1,0.675
pellets,3,a,5,2,3,pdae,2,1,0.695
pellets,3,a,7,3,1,pdae,3,1,0.69
pellets,3,c,10,1,44,pdae,6,1,0.691
pellets,3,d,10,2,15,pdae,8,1,0.7
pellets,3,e,10,3,8,pdae,10,1,0.501
pellets,3,a,2,3,31,plut,1,1,0.645
pellets,3,d,2,2,11,plut,7,1,0.527
pellets,3,b,5,5,47,plut,3,1,0.623
pellets,3,c,5,3,58,plut,6,1,0.644
pellets,3,e,5,5,42,plut,10,1,0.65
pellets,3,d,6,2,6,plut,8,1,0.597
pellets,3,b,8,5,48,plut,4,1,0.688
pellets,3,b,9,4,57,plut,5,1,0.623
pellets,3,d,9,4,30,plut,9,1,0.64
pellets,3,a,10,1,27,plut,2,1,0.666
pellets,3,e,1,2,33,pver,7,1,0.711
pellets,3,b,2,5,8,pver,3,1,0.676
pellets,3,a,4,5,26,pver,1,1,0.572
pellets,3,e,4,3,29,pver,8,1,0.688
pellets,3,a,6,3,5,pver,2,1,0.669
pellets,3,d,7,4,14,pver,6,1,0.647
pellets,3,e,8,2,11,pver,9,1,0.688
pellets,3,c,9,1,31,pver,5,1,0.671
pellets,3,e,9,1,27,pver,10,1,0.682
pellets,3,b,10,4,31,pver,4,1,0.707
control,4,c,1,2,30,aten,5,1,0.624
control,4,d,1,2,50,aten,9,1,0.603
control,4,e,2,1,18,aten,10,1,0.625
control,4,b,3,3,41,aten,3,1,0.568
control,4,b,6,1,25,aten,4,1,0.609
control,4,c,6,3,42,aten,6,1,0.618
control,4,c,7,4,36,aten,7,1,0.628
control,4,a,8,4,37,aten,1,1,0.655
control,4,c,8,5,36,aten,8,1,0.634
control,4,a,9,5,27,aten,2,1,0.642
control,4,a,1,3,19,pdae,1,1,0.682
control,4,b,1,4,11,pdae,4,1,0.668
control,4,e,3,1,7,pdae,9,1,0.703
control,4,c,4,5,26,pdae,5,1,0.669
control,4,d,4,5,53,pdae,7,1,0.664
control,4,a,5,3,41,pdae,2,1,0.717
control,4,a,7,2,8,pdae,3,1,0.697
control,4,c,10,2,9,pdae,6,1,0.702
control,4,d,10,4,16,pdae,8,1,0.661
control,4,e,10,1,49,pdae,10,1,0.688
control,4,a,2,5,37,plut,1,1,0.639
control,4,d,2,3,43,plut,7,1,0.605
control,4,b,5,3,24,plut,3,1,0.676
control,4,c,5,3,59,plut,6,1,0.608
control,4,e,5,5,26,plut,10,1,0.61
control,4,d,6,2,19,plut,8,1,0.555
control,4,b,8,1,28,plut,4,1,0.656
control,4,b,9,2,18,plut,5,1,0.433
control,4,d,9,4,29,plut,9,1,0.581
control,4,a,10,4,40,plut,2,1,0.586
control,4,e,1,5,18,pver,7,1,0.702
control,4,b,2,4,37,pver,3,1,0.683
control,4,a,4,5,7,pver,1,1,0.654
control,4,e,4,3,21,pver,8,1,0.677
control,4,a,6,2,12,pver,2,1,0.679
control,4,d,7,1,29,pver,6,1,0.671
control,4,e,8,4,7,pver,9,1,0.692
control,4,c,9,1,37,pver,5,1,0.665
control,4,e,9,2,28,pver,10,1,0.691
control,4,b,10,3,7,pver,4,1,0.687
dissolved,4,c,1,4,50,aten,5,1,0.663
dissolved,4,d,1,4,46,aten,9,1,0.688
dissolved,4,e,2,5,37,aten,10,1,0.61
dissolved,4,b,3,1,12,aten,3,1,0.621
dissolved,4,b,6,5,22,aten,4,1,0.635
dissolved,4,c,6,2,19,aten,6,1,0.622
dissolved,4,c,7,3,48,aten,7,1,0.662
dissolved,4,a,8,3,8,aten,1,1,0.65
dissolved,4,c,8,2,11,aten,8,1,0.638
dissolved,4,a,9,3,7,aten,2,1,0.651
dissolved,4,a,1,1,13,pdae,1,1,0.7
dissolved,4,b,1,3,32,pdae,4,1,0.638
dissolved,4,e,3,5,25,pdae,9,1,0.593
dissolved,4,c,4,2,43,pdae,5,1,0.681
dissolved,4,d,4,1,53,pdae,7,1,0.669
dissolved,4,a,5,4,10,pdae,2,1,0.721
dissolved,4,a,7,3,43,pdae,3,1,0.671
dissolved,4,c,10,4,9,pdae,6,1,0.656
dissolved,4,d,10,5,27,pdae,8,1,0.697
dissolved,4,e,10,2,51,pdae,10,1,0.707
dissolved,4,a,2,2,21,plut,1,1,0.581
dissolved,4,d,2,3,37,plut,7,1,0.615
dissolved,4,b,5,2,9,plut,3,1,0.509
dissolved,4,c,5,3,9,plut,6,1,0.596
dissolved,4,e,5,4,34,plut,10,1,0.589
dissolved,4,d,6,5,34,plut,8,1,0.603
dissolved,4,b,8,5,25,plut,4,1,0.628
dissolved,4,b,9,4,35,plut,5,1,0.616
dissolved,4,d,9,5,35,plut,9,1,0.635
dissolved,4,a,10,1,20,plut,2,1,0.71
dissolved,4,e,1,3,6,pver,7,1,0.709
dissolved,4,b,2,2,36,pver,3,1,0.671
dissolved,4,a,4,5,12,pver,1,1,0.672
dissolved,4,e,4,4,28,pver,8,1,0.668
dissolved,4,a,6,2,25,pver,2,1,0.698
dissolved,4,d,7,3,40,pver,6,1,0.706
dissolved,4,e,8,1,1,pver,9,1,0.718
dissolved,4,c,9,5,14,pver,5,1,0.706
dissolved,4,e,9,4,2,pver,10,1,0.736
dissolved,4,b,10,1,25,pver,4,1,0.646
fish,4,c,1,3,13,aten,5,1,0.639
fish,4,d,1,2,7,aten,9,1,0.597
fish,4,e,2,3,22,aten,10,1,0.582
fish,4,b,3,4,48,aten,3,1,0.642
fish,4,b,6,1,11,aten,4,1,0.662
fish,4,c,6,4,49,aten,6,1,0.652
fish,4,c,7,5,44,aten,7,1,0.549
fish,4,a,8,2,22,aten,1,1,0.588
fish,4,c,8,5,29,aten,8,1,0.598
fish,4,a,9,5,42,aten,2,1,0.638
fish,4,a,1,4,1,pdae,1,1,0.681
fish,4,b,1,5,43,pdae,4,1,0.664
fish,4,e,3,2,2,pdae,9,1,0.721
fish,4,c,4,5,39,pdae,5,1,0.694
fish,4,d,4,4,45,pdae,7,1,0.73
fish,4,a,5,2,22,pdae,2,1,0.706
fish,4,a,7,3,4,pdae,3,1,0.698
fish,4,c,10,1,31,pdae,6,1,0.726
fish,4,d,10,1,38,pdae,8,1,0.705
fish,4,e,10,3,39,pdae,10,1,0.693
fish,4,a,2,3,27,plut,1,1,0.641
fish,4,d,2,3,64,plut,7,1,0.608
fish,4,b,5,5,50,plut,3,1,0.652
fish,4,c,5,5,24,plut,6,1,0.631
fish,4,e,5,2,1,plut,10,1,0.522
fish,4,d,6,5,43,plut,8,1,0.599
fish,4,b,8,2,51,plut,4,1,0.566
fish,4,b,9,4,54,plut,5,1,0.626
fish,4,d,9,4,32,plut,9,1,0.609
fish,4,a,10,1,2,plut,2,1,0.637
fish,4,e,1,4,25,pver,7,1,0.691
fish,4,b,2,5,43,pver,3,1,0.658
fish,4,a,4,5,24,pver,1,1,0.669
fish,4,e,4,3,44,pver,8,1,0.666
fish,4,a,6,1,30,pver,2,1,0.708
fish,4,d,7,3,42,pver,6,1,0.677
fish,4,e,8,4,8,pver,9,1,0.714
fish,4,c,9,2,20,pver,5,1,0.692
fish,4,e,9,2,27,pver,10,1,0.698
fish,4,b,10,1,39,pver,4,1,0.669
livefeeds,4,c,1,2,15,aten,5,1,0.609
livefeeds,4,d,1,3,28,aten,9,1,0.631
livefeeds,4,e,2,2,8,aten,10,1,0.619
livefeeds,4,b,3,3,23,aten,3,1,0.655
livefeeds,4,b,6,1,8,aten,4,1,0.635
livefeeds,4,c,6,5,21,aten,6,1,0.576
livefeeds,4,c,7,5,28,aten,7,1,0.592
livefeeds,4,a,8,4,39,aten,1,1,0.661
livefeeds,4,c,8,4,45,aten,8,1,0.685
livefeeds,4,a,9,4,47,aten,2,1,0.677
livefeeds,4,a,1,4,38,pdae,1,1,0.716
livefeeds,4,b,1,5,42,pdae,4,1,0.673
livefeeds,4,e,3,2,5,pdae,9,1,0.681
livefeeds,4,c,4,3,10,pdae,5,1,0.688
livefeeds,4,d,4,3,46,pdae,7,1,0.675
livefeeds,4,a,5,5,41,pdae,2,1,0.672
livefeeds,4,a,7,1,18,pdae,3,1,0.674
livefeeds,4,c,10,2,42,pdae,6,1,0.651
livefeeds,4,d,10,4,13,pdae,8,1,0.66
livefeeds,4,e,10,1,30,pdae,10,1,0.656
livefeeds,4,a,2,4,50,plut,1,1,0.59
livefeeds,4,d,2,3,19,plut,7,1,0.63
livefeeds,4,b,5,2,47,plut,3,1,0.509
livefeeds,4,c,5,3,35,plut,6,1,0.605
livefeeds,4,e,5,5,38,plut,10,1,0.701
livefeeds,4,d,6,5,39,plut,8,1,0.628
livefeeds,4,b,8,2,23,plut,4,1,0.574
livefeeds,4,b,9,3,10,plut,5,1,0.65
livefeeds,4,d,9,4,58,plut,9,1,0.662
livefeeds,4,a,10,1,30,plut,2,1,0.629
livefeeds,4,e,1,5,19,pver,7,1,0.651
livefeeds,4,b,2,3,43,pver,3,1,0.701
livefeeds,4,a,4,5,13,pver,1,1,0.671
livefeeds,4,e,4,2,19,pver,8,1,0.69
livefeeds,4,a,6,2,18,pver,2,1,0.689
livefeeds,4,d,7,1,40,pver,6,1,0.688
livefeeds,4,e,8,1,33,pver,9,1,0.694
livefeeds,4,c,9,4,4,pver,5,1,0.71
livefeeds,4,e,9,3,39,pver,10,1,0.699
livefeeds,4,b,10,4,16,pver,4,1,0.7
mix,4,c,1,2,36,aten,5,1,0.641
mix,4,d,1,3,6,aten,9,1,0.637
mix,4,e,2,3,38,aten,10,1,0.642
mix,4,b,3,1,35,aten,3,1,0.544
mix,4,b,6,1,47,aten,4,1,0.618
mix,4,c,6,4,15,aten,6,1,0.635
mix,4,c,7,4,28,aten,7,1,0.661
mix,4,a,8,5,17,aten,1,1,0.584
mix,4,c,8,2,40,aten,8,1,0.641
mix,4,a,9,5,16,aten,2,1,0.596
mix,4,a,1,3,5,pdae,1,1,0.679
mix,4,b,1,5,6,pdae,4,1,0.673
mix,4,e,3,1,12,pdae,9,1,0.692
mix,4,c,4,4,28,pdae,5,1,0.595
mix,4,d,4,1,21,pdae,7,1,0.73
mix,4,a,5,5,11,pdae,2,1,0.752
mix,4,a,7,2,47,pdae,3,1,0.729
mix,4,c,10,3,16,pdae,6,1,0.79
mix,4,d,10,2,33,pdae,8,1,0.703
mix,4,e,10,4,35,pdae,10,1,0.667
mix,4,a,2,2,33,plut,1,1,0.481
mix,4,d,2,5,44,plut,7,1,0.674
mix,4,b,5,1,16,plut,3,1,0.646
mix,4,c,5,2,14,plut,6,1,0.536
mix,4,e,5,3,3,plut,10,1,0.587
mix,4,d,6,5,28,plut,8,1,0.631
mix,4,b,8,4,37,plut,4,1,0.632
mix,4,b,9,3,62,plut,5,1,0.61
mix,4,d,9,4,47,plut,9,1,0.607
mix,4,a,10,1,4,plut,2,1,0.727
mix,4,e,1,4,11,pver,7,1,0.629
mix,4,b,2,4,26,pver,3,1,0.696
mix,4,a,4,5,37,pver,1,1,0.672
mix,4,e,4,3,14,pver,8,1,0.636
mix,4,a,6,2,2,pver,2,1,0.669
mix,4,d,7,2,39,pver,6,1,0.681
mix,4,e,8,5,42,pver,9,1,0.679
mix,4,c,9,1,17,pver,5,1,0.676
mix,4,e,9,3,9,pver,10,1,0.66
mix,4,b,10,1,12,pver,4,1,0.695
pellets,4,c,1,3,4,aten,5,1,0.619
pellets,4,d,1,5,41,aten,9,1,0.606
pellets,4,e,2,5,33,aten,10,1,0.607
pellets,4,b,3,4,35,aten,3,1,0.688
pellets,4,b,6,4,38,aten,4,1,0.64
pellets,4,c,6,3,5,aten,6,1,0.477
pellets,4,c,7,2,4,aten,7,1,0.62
pellets,4,a,8,1,15,aten,1,1,0.64
pellets,4,c,8,2,5,aten,8,1,0.649
pellets,4,a,9,2,3,aten,2,1,0.62
pellets,4,a,1,4,26,pdae,1,1,0.677
pellets,4,b,1,4,14,pdae,4,1,0.68
pellets,4,e,3,3,37,pdae,9,1,0.711
pellets,4,c,4,2,4,pdae,5,1,0.665
pellets,4,d,4,3,9,pdae,7,1,0.602
pellets,4,a,5,1,14,pdae,2,1,0.696
pellets,4,a,7,5,15,pdae,3,1,0.626
pellets,4,c,10,1,32,pdae,6,1,0.682
pellets,4,d,10,2,48,pdae,8,1,0.555
pellets,4,e,10,5,30,pdae,10,1,0.657
pellets,4,a,2,5,41,plut,1,1,0.648
pellets,4,d,2,3,5,plut,7,1,0.613
pellets,4,b,5,2,2,plut,3,1,0.608
pellets,4,c,5,5,31,plut,6,1,0.642
pellets,4,e,5,2,32,plut,10,1,0.604
pellets,4,d,6,3,41,plut,8,1,0.624
pellets,4,b,8,4,49,plut,4,1,0.615
pellets,4,b,9,4,52,plut,5,1,0.642
pellets,4,d,9,1,29,plut,9,1,0.679
pellets,4,a,10,3,40,plut,2,1,0.659
pellets,4,e,1,5,6,pver,7,1,0.661
pellets,4,b,2,5,25,pver,3,1,0.664
pellets,4,a,4,4,3,pver,1,1,0.705
pellets,4,e,4,3,37,pver,8,1,0.636
pellets,4,a,6,2,26,pver,2,1,0.694
pellets,4,d,7,4,15,pver,6,1,0.663
pellets,4,e,8,1,50,pver,9,1,0.724
pellets,4,c,9,1,23,pver,5,1,0.662
pellets,4,e,9,3,17,pver,10,1,0.705
pellets,4,b,10,2,6,pver,4,1,0.677
control,1,c,1,3,31,aten,5,2,0.652
control,1,d,1,5,49,aten,9,2,0.554
control,1,e,2,2,9,aten,10,2,0.579
control,1,b,3,1,44,aten,3,2,0.593
control,1,b,6,2,35,aten,4,2,0.549
control,1,c,6,4,10,aten,6,2,0.544
control,1,c,7,3,50,aten,7,2,0.593
control,1,a,8,1,21,aten,1,2,0.541
control,1,c,8,5,4,aten,8,2,0.516
control,1,a,9,4,3,aten,2,2,0.597
control,1,a,1,4,44,pdae,1,2,0.701
control,1,b,1,4,4,pdae,4,2,0.677
control,1,e,3,3,31,pdae,9,2,0.737
control,1,c,4,2,31,pdae,5,2,0.678
control,1,d,4,2,32,pdae,7,2,0.682
control,1,a,5,5,5,pdae,2,2,0.621
control,1,a,7,1,33,pdae,3,2,0.716
control,1,c,10,1,28,pdae,6,2,0.759
control,1,d,10,2,34,pdae,8,2,0.672
control,1,e,10,5,8,pdae,10,2,0.692
control,1,a,2,2,34,plut,1,2,0.465
control,1,d,2,3,17,plut,7,2,0.66
control,1,b,5,2,44,plut,3,2,0.718
control,1,c,5,3,30,plut,6,2,0.562
control,1,e,5,4,6,plut,10,2,0.547
control,1,d,6,5,14,plut,8,2,0.483
control,1,b,8,1,34,plut,4,2,0.603
control,1,b,9,3,32,plut,5,2,0.542
control,1,d,9,4,19,plut,9,2,0.657
control,1,a,10,5,16,plut,2,2,0.655
control,1,e,1,4,45,pver,7,2,0.671
control,1,b,2,2,41,pver,3,2,0.652
control,1,a,4,4,44,pver,1,2,0.641
control,1,e,4,3,60,pver,8,2,0.506
control,1,a,6,4,50,pver,2,2,0.696
control,1,d,7,2,49,pver,6,2,0.668
control,1,e,8,5,28,pver,9,2,0.666
control,1,c,9,1,24,pver,5,2,0.671
control,1,e,9,3,61,pver,10,2,0.627
control,1,b,10,5,29,pver,4,2,0.592
dissolved,1,c,1,4,11,aten,5,2,0.637
dissolved,1,d,1,5,13,aten,9,2,0.573
dissolved,1,e,2,2,25,aten,10,2,0.565
dissolved,1,b,3,5,20,aten,3,2,0.58
dissolved,1,b,6,3,29,aten,4,2,0.567
dissolved,1,c,6,4,29,aten,6,2,0.624
dissolved,1,c,7,1,36,aten,7,2,0.586
dissolved,1,a,8,3,20,aten,1,2,0.597
dissolved,1,c,8,1,43,aten,8,2,0.567
dissolved,1,a,9,2,17,aten,2,2,0.604
dissolved,1,a,1,3,26,pdae,1,2,0.677
dissolved,1,b,1,1,51,pdae,4,2,0.75
dissolved,1,e,3,1,50,pdae,9,2,0.803
dissolved,1,c,4,5,40,pdae,5,2,0.695
dissolved,1,d,4,3,21,pdae,7,2,0.625
dissolved,1,a,5,2,29,pdae,2,2,0.671
dissolved,1,a,7,2,36,pdae,3,2,0.684
dissolved,1,c,10,5,23,pdae,6,2,0.713
dissolved,1,d,10,4,7,pdae,8,2,0.718
dissolved,1,e,10,4,21,pdae,10,2,0.691
dissolved,1,a,2,2,39,plut,1,2,0.538
dissolved,1,d,2,5,12,plut,7,2,0.612
dissolved,1,b,5,1,32,plut,3,2,0.721
dissolved,1,c,5,2,45,plut,6,2,0.449
dissolved,1,e,5,3,57,plut,10,2,0.683
dissolved,1,d,6,1,26,plut,8,2,0.576
dissolved,1,b,8,4,3,plut,4,2,0.573
dissolved,1,b,9,4,25,plut,5,2,0.605
dissolved,1,d,9,5,3,plut,9,2,0.593
dissolved,1,a,10,3,38,plut,2,2,0.574
dissolved,1,e,1,4,43,pver,7,2,0.622
dissolved,1,b,2,3,23,pver,3,2,0.696
dissolved,1,a,4,5,9,pver,1,2,0.745
dissolved,1,e,4,2,46,pver,8,2,0.714
dissolved,1,a,6,2,38,pver,2,2,0.713
dissolved,1,d,7,4,35,pver,6,2,0.705
dissolved,1,e,8,3,35,pver,9,2,0.679
dissolved,1,c,9,4,40,pver,5,2,0.659
dissolved,1,e,9,1,21,pver,10,2,0.694
dissolved,1,b,10,5,45,pver,4,2,0.631
fish,1,c,1,3,2,aten,5,2,0.609
fish,1,d,1,2,28,aten,9,2,0.234
fish,1,e,2,1,16,aten,10,2,0.551
fish,1,b,3,3,1,aten,3,2,0.586
fish,1,b,6,4,5,aten,4,2,0.667
fish,1,c,6,2,21,aten,6,2,0.641
fish,1,c,7,4,13,aten,7,2,0.609
fish,1,a,8,5,2,aten,1,2,0.542
fish,1,c,8,1,20,aten,8,2,0.595
fish,1,a,9,5,47,aten,2,2,0.549
fish,1,a,1,4,46,pdae,1,2,0.695
fish,1,b,1,5,47,pdae,4,2,0.664
fish,1,e,3,1,43,pdae,9,2,0.673
fish,1,c,4,3,29,pdae,5,2,0.706
fish,1,d,4,4,40,pdae,7,2,0.679
fish,1,a,5,5,46,pdae,2,2,0.906
fish,1,a,7,5,38,pdae,3,2,0.783
fish,1,c,10,2,40,pdae,6,2,0.81
fish,1,d,10,1,15,pdae,8,2,0.71
fish,1,e,10,2,20,pdae,10,2,0.685
fish,1,a,2,2,38,plut,1,2,0.445
fish,1,d,2,3,11,plut,7,2,0.707
fish,1,b,5,3,15,plut,3,2,0.594
fish,1,c,5,4,17,plut,6,2,0.486
fish,1,e,5,4,13,plut,10,2,0.499
fish,1,d,6,5,6,plut,8,2,0.52
fish,1,b,8,1,35,plut,4,2,0.635
fish,1,b,9,2,16,plut,5,2,0.443
fish,1,d,9,5,5,plut,9,2,0.534
fish,1,a,10,1,5,plut,2,2,0.646
fish,1,e,1,3,57,pver,7,2,0.768
fish,1,b,2,2,50,pver,3,2,0.638
fish,1,a,4,5,56,pver,1,2,0.615
fish,1,e,4,2,43,pver,8,2,0.569
fish,1,a,6,2,42,pver,2,2,0.687
fish,1,d,7,4,48,pver,6,2,0.719
fish,1,e,8,4,47,pver,9,2,0.593
fish,1,c,9,1,20,pver,5,2,0.677
fish,1,e,9,3,58,pver,10,2,0.745
fish,1,b,10,1,15,pver,4,2,0.727
livefeeds,1,c,1,2,10,aten,5,2,0.613
livefeeds,1,d,1,1,45,aten,9,2,0.619
livefeeds,1,e,2,1,37,aten,10,2,0.578
livefeeds,1,b,3,2,18,aten,3,2,0.63
livefeeds,1,b,6,3,21,aten,4,2,0.575
livefeeds,1,c,6,3,11,aten,6,2,0.548
livefeeds,1,c,7,4,21,aten,7,2,0.594
livefeeds,1,a,8,5,3,aten,1,2,0.555
livefeeds,1,c,8,5,12,aten,8,2,0.717
livefeeds,1,a,9,4,9,aten,2,2,0.668
livefeeds,1,a,1,2,19,pdae,1,2,0.713
livefeeds,1,b,1,1,42,pdae,4,2,0.71
livefeeds,1,e,3,3,13,pdae,9,2,0.678
livefeeds,1,c,4,4,8,pdae,5,2,0.674
livefeeds,1,d,4,4,17,pdae,7,2,0.656
livefeeds,1,a,5,5,35,pdae,2,2,0.73
livefeeds,1,a,7,5,24,pdae,3,2,0.702
livefeeds,1,c,10,3,34,pdae,6,2,0.707
livefeeds,1,d,10,1,46,pdae,8,2,0.694
livefeeds,1,e,10,2,10,pdae,10,2,0.702
livefeeds,1,a,2,5,18,plut,1,2,0.554
livefeeds,1,d,2,2,10,plut,7,2,0.296
livefeeds,1,b,5,3,42,plut,3,2,0.648
livefeeds,1,c,5,2,37,plut,6,2,0.477
livefeeds,1,e,5,3,7,plut,10,2,0.652
livefeeds,1,d,6,1,9,plut,8,2,0.688
livefeeds,1,b,8,5,9,plut,4,2,0.607
livefeeds,1,b,9,4,26,plut,5,2,0.631
livefeeds,1,d,9,4,21,plut,9,2,0.729
livefeeds,1,a,10,1,33,plut,2,2,0.684
livefeeds,1,e,1,4,27,pver,7,2,0.567
livefeeds,1,b,2,5,1,pver,3,2,0.616
livefeeds,1,a,4,3,15,pver,1,2,0.673
livefeeds,1,e,4,5,32,pver,8,2,0.69
livefeeds,1,a,6,2,1,pver,2,2,0.599
livefeeds,1,d,7,4,41,pver,6,2,0.615
livefeeds,1,e,8,2,22,pver,9,2,0.625
livefeeds,1,c,9,1,35,pver,5,2,0.682
livefeeds,1,e,9,2,35,pver,10,2,0.655
livefeeds,1,b,10,3,16,pver,4,2,0.713
mix,1,c,1,4,4,aten,5,2,0.617
mix,1,d,1,2,38,aten,9,2,0.567
mix,1,e,2,4,6,aten,10,2,0.64
mix,1,b,3,3,3,aten,3,2,0.651
mix,1,b,6,5,8,aten,4,2,0.504
mix,1,c,6,1,14,aten,6,2,0.523
mix,1,c,7,2,1,aten,7,2,0.556
mix,1,a,8,5,50,aten,1,2,0.557
mix,1,c,8,1,27,aten,8,2,0.582
mix,1,a,9,3,9,aten,2,2,0.539
mix,1,a,1,2,14,pdae,1,2,0.801
mix,1,b,1,5,48,pdae,4,2,0.68
mix,1,e,3,5,50,pdae,9,2,0.67
mix,1,c,4,3,35,pdae,5,2,0.672
mix,1,d,4,2,30,pdae,7,2,0.711
mix,1,a,5,1,37,pdae,2,2,0.699
mix,1,a,7,1,23,pdae,3,2,0.756
mix,1,c,10,4,49,pdae,6,2,0.804
mix,1,d,10,2,37,pdae,8,2,0.799
mix,1,e,10,4,20,pdae,10,2,0.701
mix,1,a,2,3,36,plut,1,2,0.524
mix,1,d,2,3,6,plut,7,2,0.629
mix,1,b,5,5,17,plut,3,2,0.65
mix,1,c,5,5,10,plut,6,2,0.645
mix,1,e,5,2,40,plut,10,2,0.474
mix,1,d,6,1,1,plut,8,2,0.709
mix,1,b,8,4,2,plut,4,2,0.593
mix,1,b,9,1,24,plut,5,2,0.732
mix,1,d,9,4,22,plut,9,2,0.679
mix,1,a,10,2,3,plut,2,2,0.438
mix,1,e,1,3,55,pver,7,2,0.639
mix,1,b,2,2,47,pver,3,2,0.678
mix,1,a,4,2,40,pver,1,2,0.686
mix,1,e,4,5,44,pver,8,2,0.629
mix,1,a,6,4,46,pver,2,2,0.691
mix,1,d,7,4,49,pver,6,2,0.685
mix,1,e,8,3,56,pver,9,2,0.625
mix,1,c,9,5,57,pver,5,2,0.621
mix,1,e,9,1,34,pver,10,2,0.683
mix,1,b,10,3,59,pver,4,2,0.597
pellets,1,c,1,1,31,aten,5,2,0.6
pellets,1,d,1,2,12,aten,9,2,0.613
pellets,1,e,2,1,32,aten,10,2,0.654
pellets,1,b,3,3,47,aten,3,2,0.609
pellets,1,b,6,3,36,aten,4,2,0.636
pellets,1,c,6,2,47,aten,6,2,0.567
pellets,1,c,7,4,43,aten,7,2,0.579
pellets,1,a,8,5,34,aten,1,2,0.579
pellets,1,c,8,4,40,aten,8,2,0.619
pellets,1,a,9,5,40,aten,2,2,0.643
pellets,1,a,1,3,44,pdae,1,2,0.605
pellets,1,b,1,4,15,pdae,4,2,0.67
pellets,1,e,3,5,19,pdae,9,2,0.669
pellets,1,c,4,2,7,pdae,5,2,0.679
pellets,1,d,4,4,37,pdae,7,2,0.601
pellets,1,a,5,3,2,pdae,2,2,0.614
pellets,1,a,7,1,47,pdae,3,2,0.735
pellets,1,c,10,1,8,pdae,6,2,0.75
pellets,1,d,10,5,21,pdae,8,2,0.673
pellets,1,e,10,2,13,pdae,10,2,0.744
pellets,1,a,2,5,40,plut,1,2,0.536
pellets,1,d,2,2,50,plut,7,2,0.492
pellets,1,b,5,3,45,plut,3,2,0.553
pellets,1,c,5,2,25,plut,6,2,0.462
pellets,1,e,5,1,23,plut,10,2,0.658
pellets,1,d,6,3,28,plut,8,2,0.64
pellets,1,b,8,4,33,plut,4,2,0.592
pellets,1,b,9,5,32,plut,5,2,0.569
pellets,1,d,9,3,20,plut,9,2,0.658
pellets,1,a,10,4,27,plut,2,2,0.594
pellets,1,e,1,3,18,pver,7,2,0.659
pellets,1,b,2,4,38,pver,3,2,0.667
pellets,1,a,4,5,20,pver,1,2,0.619
pellets,1,e,4,2,34,pver,8,2,0.657
pellets,1,a,6,1,26,pver,2,2,0.651
pellets,1,d,7,2,17,pver,6,2,0.715
pellets,1,e,8,5,17,pver,9,2,0.665
pellets,1,c,9,1,8,pver,5,2,0.676
pellets,1,e,9,3,2,pver,10,2,0.663
pellets,1,b,10,4,17,pver,4,2,0.684
control,2,c,1,1,24,aten,5,2,0.563
control,2,d,1,1,19,aten,9,2,0.604
control,2,e,2,2,48,aten,10,2,0.611
control,2,b,3,2,13,aten,3,2,0.535
control,2,b,6,3,16,aten,4,2,0.649
control,2,c,6,3,17,aten,6,2,0.641
control,2,c,7,5,46,aten,7,2,0.55
control,2,a,8,4,12,aten,1,2,0.604
control,2,c,8,5,45,aten,8,2,0.579
control,2,a,9,4,18,aten,2,2,0.588
control,2,a,1,4,39,pdae,1,2,0.71
control,2,b,1,5,1,pdae,4,2,0.682
control,2,e,3,4,47,pdae,9,2,0.677
control,2,c,4,2,1,pdae,5,2,0.759
control,2,d,4,5,2,pdae,7,2,0.674
control,2,a,5,2,23,pdae,2,2,0.681
control,2,a,7,1,39,pdae,3,2,0.689
control,2,c,10,3,7,pdae,6,2,0.798
control,2,d,10,1,36,pdae,8,2,0.772
control,2,e,10,3,24,pdae,10,2,0.808
control,2,a,2,3,16,plut,1,2,0.584
control,2,d,2,5,21,plut,7,2,0.553
control,2,b,5,3,25,plut,3,2,0.544
control,2,c,5,5,2,plut,6,2,0.45
control,2,e,5,2,46,plut,10,2,0.57
control,2,d,6,4,7,plut,8,2,0.524
control,2,b,8,4,20,plut,4,2,0.596
control,2,b,9,2,29,plut,5,2,0.454
control,2,d,9,3,1,plut,9,2,0.557
control,2,a,10,1,3,plut,2,2,0.665
control,2,e,1,5,31,pver,7,2,0.669
control,2,b,2,5,38,pver,3,2,0.629
control,2,a,4,4,23,pver,1,2,0.67
control,2,e,4,4,24,pver,8,2,0.592
control,2,a,6,3,34,pver,2,2,0.618
control,2,d,7,3,41,pver,6,2,0.623
control,2,e,8,2,14,pver,9,2,0.665
control,2,c,9,1,3,pver,5,2,0.639
control,2,e,9,3,26,pver,10,2,0.708
control,2,b,10,2,21,pver,4,2,0.66
dissolved,2,c,1,1,42,aten,5,2,0.612
dissolved,2,d,1,1,48,aten,9,2,0.611
dissolved,2,e,2,3,14,aten,10,2,0.642
dissolved,2,b,3,3,19,aten,3,2,0.625
dissolved,2,b,6,2,23,aten,4,2,0.617
dissolved,2,c,6,4,7,aten,6,2,0.638
dissolved,2,c,7,5,48,aten,7,2,0.596
dissolved,2,a,8,4,14,aten,1,2,0.739
dissolved,2,c,8,2,34,aten,8,2,0.749
dissolved,2,a,9,5,5,aten,2,2,0.589
dissolved,2,a,1,2,12,pdae,1,2,0.695
dissolved,2,b,1,5,34,pdae,4,2,0.641
dissolved,2,e,3,1,40,pdae,9,2,0.692
dissolved,2,c,4,3,23,pdae,5,2,0.599
dissolved,2,d,4,3,20,pdae,7,2,0.558
dissolved,2,a,5,4,3,pdae,2,2,0.716
dissolved,2,a,7,1,16,pdae,3,2,0.745
dissolved,2,c,10,5,16,pdae,6,2,0.692
dissolved,2,d,10,2,16,pdae,8,2,0.693
dissolved,2,e,10,4,19,pdae,10,2,0.66
dissolved,2,a,2,2,24,plut,1,2,0.509
dissolved,2,d,2,3,29,plut,7,2,0.65
dissolved,2,b,5,3,4,plut,3,2,0.673
dissolved,2,c,5,4,1,plut,6,2,0.567
dissolved,2,e,5,4,24,plut,10,2,0.563
dissolved,2,d,6,1,17,plut,8,2,0.694
dissolved,2,b,8,5,15,plut,4,2,0.737
dissolved,2,b,9,5,7,plut,5,2,0.73
dissolved,2,d,9,1,10,plut,9,2,0.561
dissolved,2,a,10,2,52,plut,2,2,0.561
dissolved,2,e,1,5,2,pver,7,2,0.686
dissolved,2,b,2,4,20,pver,3,2,0.656
dissolved,2,a,4,5,15,pver,1,2,0.606
dissolved,2,e,4,4,19,pver,8,2,0.594
dissolved,2,a,6,3,10,pver,2,2,0.649
dissolved,2,d,7,2,30,pver,6,2,0.664
dissolved,2,e,8,3,25,pver,9,2,0.695
dissolved,2,c,9,1,6,pver,5,2,0.714
dissolved,2,e,9,2,31,pver,10,2,0.718
dissolved,2,b,10,1,18,pver,4,2,0.689
fish,2,c,1,4,26,aten,5,2,0.618
fish,2,d,1,2,31,aten,9,2,0.569
fish,2,e,2,1,22,aten,10,2,0.603
fish,2,b,3,3,24,aten,3,2,0.484
fish,2,b,6,2,24,aten,4,2,0.566
fish,2,c,6,3,25,aten,6,2,0.593
fish,2,c,7,4,20,aten,7,2,0.629
fish,2,a,8,5,30,aten,1,2,0.564
fish,2,c,8,5,31,aten,8,2,0.579
fish,2,a,9,1,23,aten,2,2,0.577
fish,2,a,1,4,22,pdae,1,2,0.699
fish,2,b,1,5,52,pdae,4,2,0.676
fish,2,e,3,3,42,pdae,9,2,0.771
fish,2,c,4,1,6,pdae,5,2,0.776
fish,2,d,4,2,24,pdae,7,2,0.743
fish,2,a,5,5,33,pdae,2,2,0.745
fish,2,a,7,4,29,pdae,3,2,0.687
fish,2,c,10,1,5,pdae,6,2,0.724
fish,2,d,10,3,28,pdae,8,2,0.73
fish,2,e,10,2,21,pdae,10,2,0.709
fish,2,a,2,2,17,plut,1,2,0.417
fish,2,d,2,3,2,plut,7,2,0.532
fish,2,b,5,3,55,plut,3,2,0.64
fish,2,c,5,4,4,plut,6,2,0.526
fish,2,e,5,1,7,plut,10,2,0.699
fish,2,d,6,5,11,plut,8,2,0.604
fish,2,b,8,5,19,plut,4,2,0.683
fish,2,b,9,2,43,plut,5,2,0.604
fish,2,d,9,4,23,plut,9,2,0.625
fish,2,a,10,1,18,plut,2,2,0.679
fish,2,e,1,2,15,pver,7,2,0.675
fish,2,b,2,3,28,pver,3,2,0.644
fish,2,a,4,5,3,pver,1,2,0.534
fish,2,e,4,5,11,pver,8,2,0.613
fish,2,a,6,4,22,pver,2,2,0.576
fish,2,d,7,3,27,pver,6,2,0.621
fish,2,e,8,2,9,pver,9,2,0.629
fish,2,c,9,1,5,pver,5,2,0.678
fish,2,e,9,3,22,pver,10,2,0.712
fish,2,b,10,4,10,pver,4,2,0.664
livefeeds,2,c,1,2,39,aten,5,2,0.608
livefeeds,2,d,1,2,6,aten,9,2,0.623
livefeeds,2,e,2,4,8,aten,10,2,0.605
livefeeds,2,b,3,1,10,aten,3,2,0.584
livefeeds,2,b,6,1,13,aten,4,2,0.602
livefeeds,2,c,6,3,12,aten,6,2,0.605
livefeeds,2,c,7,4,19,aten,7,2,0.615
livefeeds,2,a,8,5,10,aten,1,2,0.563
livefeeds,2,c,8,5,38,aten,8,2,0.59
livefeeds,2,a,9,3,26,aten,2,2,0.687
livefeeds,2,a,1,2,41,pdae,1,2,0.724
livefeeds,2,b,1,4,41,pdae,4,2,0.673
livefeeds,2,e,3,3,22,pdae,9,2,0.696
livefeeds,2,c,4,3,45,pdae,5,2,0.678
livefeeds,2,d,4,4,27,pdae,7,2,0.685
livefeeds,2,a,5,5,13,pdae,2,2,0.69
livefeeds,2,a,7,5,22,pdae,3,2,0.659
livefeeds,2,c,10,1,24,pdae,6,2,0.686
livefeeds,2,d,10,2,27,pdae,8,2,0.7
livefeeds,2,e,10,1,22,pdae,10,2,0.689
livefeeds,2,a,2,3,46,plut,1,2,0.515
livefeeds,2,d,2,2,27,plut,7,2,0.546
livefeeds,2,b,5,3,13,plut,3,2,0.684
livefeeds,2,c,5,4,15,plut,6,2,0.57
livefeeds,2,e,5,5,22,plut,10,2,0.72
livefeeds,2,d,6,2,8,plut,8,2,0.372
livefeeds,2,b,8,1,22,plut,4,2,0.611
livefeeds,2,b,9,4,11,plut,5,2,0.742
livefeeds,2,d,9,5,1,plut,9,2,0.692
livefeeds,2,a,10,1,12,plut,2,2,0.774
livefeeds,2,e,1,4,21,pver,7,2,0.65
livefeeds,2,b,2,3,38,pver,3,2,0.661
livefeeds,2,a,4,2,8,pver,1,2,0.688
livefeeds,2,e,4,3,20,pver,8,2,0.676
livefeeds,2,a,6,2,16,pver,2,2,0.694
livefeeds,2,d,7,1,2,pver,6,2,0.652
livefeeds,2,e,8,1,11,pver,9,2,0.717
livefeeds,2,c,9,4,42,pver,5,2,0.757
livefeeds,2,e,9,5,34,pver,10,2,0.65
livefeeds,2,b,10,5,33,pver,4,2,0.647
mix,2,c,1,2,2,aten,5,2,0.254
mix,2,d,1,5,39,aten,9,2,0.534
mix,2,e,2,4,2,aten,10,2,0.606
mix,2,b,3,4,42,aten,3,2,0.588
mix,2,b,6,5,24,aten,4,2,0.64
mix,2,c,6,3,18,aten,6,2,0.593
mix,2,c,7,1,1,aten,7,2,0.567
mix,2,a,8,2,16,aten,1,2,0.607
mix,2,c,8,3,10,aten,8,2,0.397
mix,2,a,9,1,28,aten,2,2,0.514
mix,2,a,1,4,6,pdae,1,2,0.701
mix,2,b,1,4,2,pdae,4,2,0.683
mix,2,e,3,4,32,pdae,9,2,0.669
mix,2,c,4,3,3,pdae,5,2,0.706
mix,2,d,4,2,49,pdae,7,2,0.692
mix,2,a,5,5,37,pdae,2,2,0.685
mix,2,a,7,2,44,pdae,3,2,0.728
mix,2,c,10,1,11,pdae,6,2,0.719
mix,2,d,10,1,41,pdae,8,2,0.697
mix,2,e,10,5,36,pdae,10,2,0.679
mix,2,a,2,3,60,plut,1,2,0.617
mix,2,d,2,5,4,plut,7,2,0.635
mix,2,b,5,1,25,plut,3,2,0.702
mix,2,c,5,2,49,plut,6,2,0.448
mix,2,e,5,5,13,plut,10,2,0.601
mix,2,d,6,2,35,plut,8,2,0.393
mix,2,b,8,3,26,plut,4,2,0.579
mix,2,b,9,4,10,plut,5,2,0.595
mix,2,d,9,4,16,plut,9,2,0.566
mix,2,a,10,1,19,plut,2,2,0.659
mix,2,e,1,2,44,pver,7,2,0.837
mix,2,b,2,2,48,pver,3,2,0.662
mix,2,a,4,4,29,pver,1,2,0.707
mix,2,e,4,3,19,pver,8,2,0.6
mix,2,a,6,3,24,pver,2,2,0.614
mix,2,d,7,4,30,pver,6,2,0.589
mix,2,e,8,5,35,pver,9,2,0.598
mix,2,c,9,5,30,pver,5,2,0.701
mix,2,e,9,1,22,pver,10,2,0.761
mix,2,b,10,2,37,pver,4,2,0.637
pellets,2,c,1,2,27,aten,5,2,0.663
pellets,2,d,1,1,7,aten,9,2,#NAME?
pellets,2,e,2,1,6,aten,10,2,#NAME?
pellets,2,b,3,2,26,aten,3,2,#NAME?
pellets,2,b,6,3,40,aten,4,2,0.62
pellets,2,c,6,3,33,aten,6,2,0.626
pellets,2,c,7,5,25,aten,7,2,0.551
pellets,2,a,8,4,23,aten,1,2,0.538
pellets,2,c,8,5,26,aten,8,2,0.633
pellets,2,a,9,4,22,aten,2,2,0.657
pellets,2,a,1,2,54,pdae,1,2,0.683
pellets,2,b,1,1,35,pdae,4,2,0.69
pellets,2,e,3,2,17,pdae,9,2,0.728
pellets,2,c,4,4,12,pdae,5,2,0.671
pellets,2,d,4,3,38,pdae,7,2,0.641
pellets,2,a,5,1,34,pdae,2,2,0.703
pellets,2,a,7,3,18,pdae,3,2,0.66
pellets,2,c,10,5,12,pdae,6,2,0.627
pellets,2,d,10,4,25,pdae,8,2,0.731
pellets,2,e,10,5,3,pdae,10,2,0.689
pellets,2,a,2,2,12,plut,1,2,0.542
pellets,2,d,2,3,48,plut,7,2,0.629
pellets,2,b,5,5,45,plut,3,2,0.64
pellets,2,c,5,5,30,plut,6,2,0.547
pellets,2,e,5,4,51,plut,10,2,0.604
pellets,2,d,6,2,41,plut,8,2,0.577
pellets,2,b,8,4,59,plut,4,2,0.768
pellets,2,b,9,3,33,plut,5,2,0.672
pellets,2,d,9,2,7,plut,9,2,0.551
pellets,2,a,10,1,21,plut,2,2,0.659
pellets,2,e,1,2,24,pver,7,2,0.708
pellets,2,b,2,2,5,pver,3,2,0.666
pellets,2,a,4,5,5,pver,1,2,0.69
pellets,2,e,4,4,1,pver,8,2,0.689
pellets,2,a,6,1,10,pver,2,2,0.708
pellets,2,d,7,1,38,pver,6,2,0.674
pellets,2,e,8,3,36,pver,9,2,na
pellets,2,c,9,5,23,pver,5,2,na
pellets,2,e,9,4,36,pver,10,2,na
pellets,2,b,10,3,30,pver,4,2,na
control,3,c,1,3,32,aten,5,2,0.673
control,3,d,1,1,3,aten,9,2,0.842
control,3,e,2,1,26,aten,10,2,0.578
control,3,b,3,4,1,aten,3,2,0.532
control,3,b,6,1,38,aten,4,2,0.637
control,3,c,6,2,32,aten,6,2,na
control,3,c,7,4,16,aten,7,2,0.593
control,3,a,8,5,11,aten,1,2,0.591
control,3,c,8,3,46,aten,8,2,0.538
control,3,a,9,5,1,aten,2,2,0.556
control,3,a,1,1,20,pdae,1,2,0.717
control,3,b,1,4,33,pdae,4,2,0.703
control,3,e,3,3,14,pdae,9,2,0.698
control,3,c,4,2,46,pdae,5,2,0.733
control,3,d,4,5,54,pdae,7,2,0.659
control,3,a,5,4,42,pdae,2,2,0.673
control,3,a,7,5,10,pdae,3,2,0.687
control,3,c,10,2,38,pdae,6,2,0.731
control,3,d,10,1,25,pdae,8,2,0.702
control,3,e,10,3,15,pdae,10,2,0.682
control,3,a,2,4,8,plut,1,2,0.622
control,3,d,2,4,9,plut,7,2,0.616
control,3,b,5,5,23,plut,3,2,0.637
control,3,c,5,2,20,plut,6,2,0.404
control,3,e,5,3,56,plut,10,2,0.688
control,3,d,6,2,31,plut,8,2,0.434
control,3,b,8,3,22,plut,4,2,0.576
control,3,b,9,1,6,plut,5,2,0.653
control,3,d,9,5,8,plut,9,2,0.667
control,3,a,10,1,8,plut,2,2,0.702
control,3,e,1,3,12,pver,7,2,0.647
control,3,b,2,3,11,pver,3,2,0.644
control,3,a,4,5,40,pver,1,2,0.67
control,3,e,4,5,39,pver,8,2,0.599
control,3,a,6,4,33,pver,2,2,0.606
control,3,d,7,1,4,pver,6,2,0.637
control,3,e,8,4,34,pver,9,2,0.603
control,3,c,9,2,13,pver,5,2,0.782
control,3,e,9,2,23,pver,10,2,0.753
control,3,b,10,1,36,pver,4,2,0.676
dissolved,3,c,1,3,37,aten,5,2,0.557
dissolved,3,d,1,3,30,aten,9,2,0.589
dissolved,3,e,2,2,42,aten,10,2,0.547
dissolved,3,b,3,2,44,aten,3,2,0.636
dissolved,3,b,6,4,27,aten,4,2,0.835
dissolved,3,c,6,1,33,aten,6,2,0.552
dissolved,3,c,7,1,41,aten,7,2,0.579
dissolved,3,a,8,4,25,aten,1,2,0.549
dissolved,3,c,8,5,7,aten,8,2,0.713
dissolved,3,a,9,5,6,aten,2,2,0.443
dissolved,3,a,1,2,55,pdae,1,2,0.705
dissolved,3,b,1,4,34,pdae,4,2,0.687
dissolved,3,e,3,5,45,pdae,9,2,0.691
dissolved,3,c,4,1,10,pdae,5,2,0.655
dissolved,3,d,4,1,17,pdae,7,2,0.696
dissolved,3,a,5,2,53,pdae,2,2,0.771
dissolved,3,a,7,5,4,pdae,3,2,0.689
dissolved,3,c,10,3,11,pdae,6,2,0.773
dissolved,3,d,10,3,33,pdae,8,2,0.763
dissolved,3,e,10,4,48,pdae,10,2,0.667
dissolved,3,a,2,2,13,plut,1,2,0.357
dissolved,3,d,2,3,44,plut,7,2,0.687
dissolved,3,b,5,4,38,plut,3,2,0.644
dissolved,3,c,5,4,43,plut,6,2,0.556
dissolved,3,e,5,5,51,plut,10,2,0.47
dissolved,3,d,6,1,31,plut,8,2,0.542
dissolved,3,b,8,5,29,plut,4,2,0.706
dissolved,3,b,9,5,33,plut,5,2,0.672
dissolved,3,d,9,2,22,plut,9,2,0.596
dissolved,3,a,10,3,18,plut,2,2,0.594
dissolved,3,e,1,5,10,pver,7,2,0.606
dissolved,3,b,2,1,28,pver,3,2,0.615
dissolved,3,a,4,5,4,pver,1,2,0.671
dissolved,3,e,4,1,7,pver,8,2,0.657
dissolved,3,a,6,2,51,pver,2,2,0.593
dissolved,3,d,7,4,12,pver,6,2,0.645
dissolved,3,e,8,2,45,pver,9,2,0.663
dissolved,3,c,9,3,31,pver,5,2,0.685
dissolved,3,e,9,4,32,pver,10,2,0.644
dissolved,3,b,10,3,32,pver,4,2,0.68
fish,3,c,1,1,30,aten,5,2,0.593
fish,3,d,1,1,29,aten,9,2,0.611
fish,3,e,2,4,41,aten,10,2,0.645
fish,3,b,3,3,35,aten,3,2,0.632
fish,3,b,6,2,41,aten,4,2,0.718
fish,3,c,6,2,33,aten,6,2,0.437
fish,3,c,7,4,34,aten,7,2,0.534
fish,3,a,8,5,14,aten,1,2,0.575
fish,3,c,8,3,34,aten,8,2,0.563
fish,3,a,9,5,15,aten,2,2,0.614
fish,3,a,1,5,28,pdae,1,2,0.681
fish,3,b,1,4,43,pdae,4,2,0.685
fish,3,e,3,5,44,pdae,9,2,0.647
fish,3,c,4,2,35,pdae,5,2,0.675
fish,3,d,4,3,40,pdae,7,2,0.686
fish,3,a,5,4,5,pdae,2,2,0.687
fish,3,a,7,3,17,pdae,3,2,0.72
fish,3,c,10,1,19,pdae,6,2,0.703
fish,3,d,10,1,3,pdae,8,2,0.704
fish,3,e,10,2,26,pdae,10,2,0.681
fish,3,a,2,4,41,plut,1,2,0.624
fish,3,d,2,5,53,plut,7,2,0.563
fish,3,b,5,3,47,plut,3,2,0.553
fish,3,c,5,4,31,plut,6,2,0.566
fish,3,e,5,2,26,plut,10,2,0.445
fish,3,d,6,5,46,plut,8,2,0.552
fish,3,b,8,1,13,plut,4,2,0.49
fish,3,b,9,3,54,plut,5,2,0.518
fish,3,d,9,2,5,plut,9,2,0.502
fish,3,a,10,3,49,plut,2,2,0.608
fish,3,e,1,2,29,pver,7,2,0.685
fish,3,b,2,4,6,pver,3,2,0.655
fish,3,a,4,2,7,pver,1,2,0.671
fish,3,e,4,5,36,pver,8,2,0.613
fish,3,a,6,5,27,pver,2,2,0.597
fish,3,d,7,1,32,pver,6,2,0.706
fish,3,e,8,3,4,pver,9,2,0.628
fish,3,c,9,1,16,pver,5,2,0.659
fish,3,e,9,4,9,pver,10,2,0.73
fish,3,b,10,3,3,pver,4,2,0.663
livefeeds,3,c,1,1,40,aten,5,2,0.585
livefeeds,3,d,1,3,49,aten,9,2,0.543
livefeeds,3,e,2,2,43,aten,10,2,0.6
livefeeds,3,b,3,3,43,aten,3,2,0.54
livefeeds,3,b,6,1,39,aten,4,2,0.713
livefeeds,3,c,6,2,37,aten,6,2,0.57
livefeeds,3,c,7,4,33,aten,7,2,0.529
livefeeds,3,a,8,5,19,aten,1,2,0.507
livefeeds,3,c,8,4,32,aten,8,2,0.62
livefeeds,3,a,9,5,18,aten,2,2,0.638
livefeeds,3,a,1,4,36,pdae,1,2,0.699
livefeeds,3,b,1,2,39,pdae,4,2,0.684
livefeeds,3,e,3,5,14,pdae,9,2,0.653
livefeeds,3,c,4,2,18,pdae,5,2,0.661
livefeeds,3,d,4,4,24,pdae,7,2,0.664
livefeeds,3,a,5,3,12,pdae,2,2,0.682
livefeeds,3,a,7,5,9,pdae,3,2,0.687
livefeeds,3,c,10,1,9,pdae,6,2,0.704
livefeeds,3,d,10,1,52,pdae,8,2,0.697
livefeeds,3,e,10,3,30,pdae,10,2,0.679
livefeeds,3,a,2,5,36,plut,1,2,0.524
livefeeds,3,d,2,3,14,plut,7,2,0.619
livefeeds,3,b,5,2,28,plut,3,2,0.427
livefeeds,3,c,5,3,34,plut,6,2,0.556
livefeeds,3,e,5,4,39,plut,10,2,0.504
livefeeds,3,d,6,2,36,plut,8,2,0.614
livefeeds,3,b,8,1,14,plut,4,2,0.597
livefeeds,3,b,9,3,8,plut,5,2,0.748
livefeeds,3,d,9,5,27,plut,9,2,0.796
livefeeds,3,a,10,4,55,plut,2,2,0.35
livefeeds,3,e,1,4,13,pver,7,2,0.66
livefeeds,3,b,2,2,32,pver,3,2,0.641
livefeeds,3,a,4,4,39,pver,1,2,0.661
livefeeds,3,e,4,2,4,pver,8,2,0.631
livefeeds,3,a,6,1,13,pver,2,2,0.685
livefeeds,3,d,7,1,19,pver,6,2,0.655
livefeeds,3,e,8,3,1,pver,9,2,0.667
livefeeds,3,c,9,5,21,pver,5,2,0.605
livefeeds,3,e,9,3,8,pver,10,2,0.676
livefeeds,3,b,10,5,22,pver,4,2,0.702
mix,3,c,1,1,34,aten,5,2,0.521
mix,3,d,1,1,46,aten,9,2,0.572
mix,3,e,2,3,27,aten,10,2,0.58
mix,3,b,3,2,46,aten,3,2,0.529
mix,3,b,6,3,39,aten,4,2,0.549
mix,3,c,6,2,49,aten,6,2,0.573
mix,3,c,7,4,24,aten,7,2,0.557
mix,3,a,8,5,9,aten,1,2,0.65
mix,3,c,8,4,17,aten,8,2,0.653
mix,3,a,9,5,23,aten,2,2,0.576
mix,3,a,1,4,18,pdae,1,2,0.68
mix,3,b,1,3,36,pdae,4,2,0.665
mix,3,e,3,3,47,pdae,9,2,0.738
mix,3,c,4,2,6,pdae,5,2,0.703
mix,3,d,4,2,50,pdae,7,2,0.707
mix,3,a,5,1,26,pdae,2,2,0.708
mix,3,a,7,4,23,pdae,3,2,0.739
mix,3,c,10,5,17,pdae,6,2,0.727
mix,3,d,10,1,2,pdae,8,2,0.72
mix,3,e,10,5,51,pdae,10,2,0.695
mix,3,a,2,3,23,plut,1,2,0.609
mix,3,d,2,4,48,plut,7,2,0.62
mix,3,b,5,3,12,plut,3,2,0.598
mix,3,c,5,5,49,plut,6,2,0.535
mix,3,e,5,5,52,plut,10,2,0.632
mix,3,d,6,2,30,plut,8,2,0.443
mix,3,b,8,4,46,plut,4,2,0.644
mix,3,b,9,2,42,plut,5,2,0.516
mix,3,d,9,1,15,plut,9,2,0.682
mix,3,a,10,1,11,plut,2,2,0.641
mix,3,e,1,4,5,pver,7,2,0.678
mix,3,b,2,5,16,pver,3,2,0.593
mix,3,a,4,4,18,pver,1,2,0.633
mix,3,e,4,2,3,pver,8,2,0.633
mix,3,a,6,5,41,pver,2,2,0.61
mix,3,d,7,3,33,pver,6,2,0.656
mix,3,e,8,1,14,pver,9,2,0.582
mix,3,c,9,1,9,pver,5,2,0.731
mix,3,e,9,3,13,pver,10,2,0.687
mix,3,b,10,2,10,pver,4,2,0.691
pellets,3,c,1,2,20,aten,5,2,0.602
pellets,3,d,1,1,5,aten,9,2,0.645
pellets,3,e,2,2,51,aten,10,2,0.634
pellets,3,b,3,2,45,aten,3,2,na
pellets,3,b,6,3,45,aten,4,2,0.595
pellets,3,c,6,3,61,aten,6,2,0.591
pellets,3,c,7,4,44,aten,7,2,0.64
pellets,3,a,8,5,35,aten,1,2,0.608
pellets,3,c,8,5,32,aten,8,2,0.597
pellets,3,a,9,4,30,aten,2,2,0.675
pellets,3,a,1,3,25,pdae,1,2,0.741
pellets,3,b,1,4,30,pdae,4,2,0.69
pellets,3,e,3,5,49,pdae,9,2,0.662
pellets,3,c,4,1,29,pdae,5,2,0.702
pellets,3,d,4,5,18,pdae,7,2,0.641
pellets,3,a,5,2,3,pdae,2,2,0.736
pellets,3,a,7,3,1,pdae,3,2,0.681
pellets,3,c,10,1,44,pdae,6,2,0.713
pellets,3,d,10,2,15,pdae,8,2,0.696
pellets,3,e,10,3,8,pdae,10,2,0.718
pellets,3,a,2,3,31,plut,1,2,0.613
pellets,3,d,2,2,11,plut,7,2,0.435
pellets,3,b,5,5,47,plut,3,2,0.623
pellets,3,c,5,3,58,plut,6,2,0.649
pellets,3,e,5,5,42,plut,10,2,0.572
pellets,3,d,6,2,6,plut,8,2,0.434
pellets,3,b,8,5,48,plut,4,2,0.567
pellets,3,b,9,4,57,plut,5,2,0.565
pellets,3,d,9,4,30,plut,9,2,0.668
pellets,3,a,10,1,27,plut,2,2,0.628
pellets,3,e,1,2,33,pver,7,2,0.664
pellets,3,b,2,5,8,pver,3,2,0.637
pellets,3,a,4,5,26,pver,1,2,0.638
pellets,3,e,4,3,29,pver,8,2,0.657
pellets,3,a,6,3,5,pver,2,2,0.652
pellets,3,d,7,4,14,pver,6,2,0.656
pellets,3,e,8,2,11,pver,9,2,0.695
pellets,3,c,9,1,31,pver,5,2,0.681
pellets,3,e,9,1,27,pver,10,2,0.657
pellets,3,b,10,4,31,pver,4,2,0.694
control,4,c,1,2,30,aten,5,2,0.557
control,4,d,1,2,50,aten,9,2,0.537
control,4,e,2,1,18,aten,10,2,0.543
control,4,b,3,3,41,aten,3,2,0.574
control,4,b,6,1,25,aten,4,2,0.512
control,4,c,6,3,42,aten,6,2,0.564
control,4,c,7,4,36,aten,7,2,0.577
control,4,a,8,4,37,aten,1,2,0.563
control,4,c,8,5,36,aten,8,2,0.555
control,4,a,9,5,27,aten,2,2,0.711
control,4,a,1,3,19,pdae,1,2,0.678
control,4,b,1,4,11,pdae,4,2,0.683
control,4,e,3,1,7,pdae,9,2,0.695
control,4,c,4,5,26,pdae,5,2,0.654
control,4,d,4,5,53,pdae,7,2,0.643
control,4,a,5,3,41,pdae,2,2,0.69
control,4,a,7,2,8,pdae,3,2,0.693
control,4,c,10,2,9,pdae,6,2,0.717
control,4,d,10,4,16,pdae,8,2,0.728
control,4,e,10,1,49,pdae,10,2,0.744
control,4,a,2,5,37,plut,1,2,0.567
control,4,d,2,3,43,plut,7,2,0.537
control,4,b,5,3,24,plut,3,2,0.552
control,4,c,5,3,59,plut,6,2,0.519
control,4,e,5,5,26,plut,10,2,0.529
control,4,d,6,2,19,plut,8,2,0.5
control,4,b,8,1,28,plut,4,2,0.589
control,4,b,9,2,18,plut,5,2,0.473
control,4,d,9,4,29,plut,9,2,0.547
control,4,a,10,4,40,plut,2,2,0.575
control,4,e,1,5,18,pver,7,2,0.678
control,4,b,2,4,37,pver,3,2,0.634
control,4,a,4,5,7,pver,1,2,0.657
control,4,e,4,3,21,pver,8,2,0.657
control,4,a,6,2,12,pver,2,2,0.591
control,4,d,7,1,29,pver,6,2,0.605
control,4,e,8,4,7,pver,9,2,0.681
control,4,c,9,1,37,pver,5,2,0.675
control,4,e,9,2,28,pver,10,2,0.713
control,4,b,10,3,7,pver,4,2,0.659
dissolved,4,c,1,4,50,aten,5,2,0.609
dissolved,4,d,1,4,46,aten,9,2,0.59
dissolved,4,e,2,5,37,aten,10,2,0.568
dissolved,4,b,3,1,12,aten,3,2,0.599
dissolved,4,b,6,5,22,aten,4,2,0.563
dissolved,4,c,6,2,19,aten,6,2,0.579
dissolved,4,c,7,3,48,aten,7,2,0.585
dissolved,4,a,8,3,8,aten,1,2,0.555
dissolved,4,c,8,2,11,aten,8,2,0.569
dissolved,4,a,9,3,7,aten,2,2,0.533
dissolved,4,a,1,1,13,pdae,1,2,0.575
dissolved,4,b,1,3,32,pdae,4,2,0.642
dissolved,4,e,3,5,25,pdae,9,2,0.671
dissolved,4,c,4,2,43,pdae,5,2,0.683
dissolved,4,d,4,1,53,pdae,7,2,0.696
dissolved,4,a,5,4,10,pdae,2,2,0.751
dissolved,4,a,7,3,43,pdae,3,2,0.601
dissolved,4,c,10,4,9,pdae,6,2,0.69
dissolved,4,d,10,5,27,pdae,8,2,0.648
dissolved,4,e,10,2,51,pdae,10,2,0.663
dissolved,4,a,2,2,21,plut,1,2,0.629
dissolved,4,d,2,3,37,plut,7,2,0.648
dissolved,4,b,5,2,9,plut,3,2,0.422
dissolved,4,c,5,3,9,plut,6,2,0.569
dissolved,4,e,5,4,34,plut,10,2,0.549
dissolved,4,d,6,5,34,plut,8,2,0.603
dissolved,4,b,8,5,25,plut,4,2,0.601
dissolved,4,b,9,4,35,plut,5,2,0.621
dissolved,4,d,9,5,35,plut,9,2,0.644
dissolved,4,a,10,1,20,plut,2,2,0.828
dissolved,4,e,1,3,6,pver,7,2,0.683
dissolved,4,b,2,2,36,pver,3,2,0.654
dissolved,4,a,4,5,12,pver,1,2,0.615
dissolved,4,e,4,4,28,pver,8,2,0.633
dissolved,4,a,6,2,25,pver,2,2,0.736
dissolved,4,d,7,3,40,pver,6,2,0.714
dissolved,4,e,8,1,1,pver,9,2,0.689
dissolved,4,c,9,5,14,pver,5,2,0.777
dissolved,4,e,9,4,2,pver,10,2,0.656
dissolved,4,b,10,1,25,pver,4,2,0.683
fish,4,c,1,3,13,aten,5,2,0.612
fish,4,d,1,2,7,aten,9,2,0.559
fish,4,e,2,3,22,aten,10,2,na
fish,4,b,3,4,48,aten,3,2,0.544
fish,4,b,6,1,11,aten,4,2,0.567
fish,4,c,6,4,49,aten,6,2,0.575
fish,4,c,7,5,44,aten,7,2,0.484
fish,4,a,8,2,22,aten,1,2,0.696
fish,4,c,8,5,29,aten,8,2,0.541
fish,4,a,9,5,42,aten,2,2,0.541
fish,4,a,1,4,1,pdae,1,2,0.702
fish,4,b,1,5,43,pdae,4,2,0.697
fish,4,e,3,2,2,pdae,9,2,0.754
fish,4,c,4,5,39,pdae,5,2,0.739
fish,4,d,4,4,45,pdae,7,2,0.684
fish,4,a,5,2,22,pdae,2,2,0.733
fish,4,a,7,3,4,pdae,3,2,0.67
fish,4,c,10,1,31,pdae,6,2,0.727
fish,4,d,10,1,38,pdae,8,2,0.751
fish,4,e,10,3,39,pdae,10,2,0.727
fish,4,a,2,3,27,plut,1,2,0.628
fish,4,d,2,3,64,plut,7,2,0.598
fish,4,b,5,5,50,plut,3,2,0.553
fish,4,c,5,5,24,plut,6,2,0.539
fish,4,e,5,2,1,plut,10,2,0.428
fish,4,d,6,5,43,plut,8,2,0.516
fish,4,b,8,2,51,plut,4,2,0.496
fish,4,b,9,4,54,plut,5,2,0.589
fish,4,d,9,4,32,plut,9,2,0.595
fish,4,a,10,1,2,plut,2,2,0.671
fish,4,e,1,4,25,pver,7,2,0.669
fish,4,b,2,5,43,pver,3,2,0.694
fish,4,a,4,5,24,pver,1,2,0.667
fish,4,e,4,3,44,pver,8,2,0.646
fish,4,a,6,1,30,pver,2,2,0.685
fish,4,d,7,3,42,pver,6,2,0.633
fish,4,e,8,4,8,pver,9,2,0.642
fish,4,c,9,2,20,pver,5,2,0.644
fish,4,e,9,2,27,pver,10,2,0.695
fish,4,b,10,1,39,pver,4,2,0.608
livefeeds,4,c,1,2,15,aten,5,2,na
livefeeds,4,d,1,3,28,aten,9,2,0.587
livefeeds,4,e,2,2,8,aten,10,2,0.518
livefeeds,4,b,3,3,23,aten,3,2,0.535
livefeeds,4,b,6,1,8,aten,4,2,na
livefeeds,4,c,6,5,21,aten,6,2,0.556
livefeeds,4,c,7,5,28,aten,7,2,0.53
livefeeds,4,a,8,4,39,aten,1,2,0.579
livefeeds,4,c,8,4,45,aten,8,2,0.602
livefeeds,4,a,9,4,47,aten,2,2,0.587
livefeeds,4,a,1,4,38,pdae,1,2,0.706
livefeeds,4,b,1,5,42,pdae,4,2,0.675
livefeeds,4,e,3,2,5,pdae,9,2,0.684
livefeeds,4,c,4,3,10,pdae,5,2,0.681
livefeeds,4,d,4,3,46,pdae,7,2,0.736
livefeeds,4,a,5,5,41,pdae,2,2,0.737
livefeeds,4,a,7,1,18,pdae,3,2,0.686
livefeeds,4,c,10,2,42,pdae,6,2,0.699
livefeeds,4,d,10,4,13,pdae,8,2,0.696
livefeeds,4,e,10,1,30,pdae,10,2,0.7
livefeeds,4,a,2,4,50,plut,1,2,0.58
livefeeds,4,d,2,3,19,plut,7,2,0.605
livefeeds,4,b,5,2,47,plut,3,2,0.452
livefeeds,4,c,5,3,35,plut,6,2,0.527
livefeeds,4,e,5,5,38,plut,10,2,0.501
livefeeds,4,d,6,5,39,plut,8,2,0.564
livefeeds,4,b,8,2,23,plut,4,2,0.478
livefeeds,4,b,9,3,10,plut,5,2,0.612
livefeeds,4,d,9,4,58,plut,9,2,0.603
livefeeds,4,a,10,1,30,plut,2,2,0.627
livefeeds,4,e,1,5,19,pver,7,2,0.621
livefeeds,4,b,2,3,43,pver,3,2,0.725
livefeeds,4,a,4,5,13,pver,1,2,0.635
livefeeds,4,e,4,2,19,pver,8,2,0.636
livefeeds,4,a,6,2,18,pver,2,2,0.633
livefeeds,4,d,7,1,40,pver,6,2,0.682
livefeeds,4,e,8,1,33,pver,9,2,0.715
livefeeds,4,c,9,4,4,pver,5,2,0.729
livefeeds,4,e,9,3,39,pver,10,2,0.69
livefeeds,4,b,10,4,16,pver,4,2,0.656
mix,4,c,1,2,36,aten,5,2,0.573
mix,4,d,1,3,6,aten,9,2,0.571
mix,4,e,2,3,38,aten,10,2,0.549
mix,4,b,3,1,35,aten,3,2,0.487
mix,4,b,6,1,47,aten,4,2,0.604
mix,4,c,6,4,15,aten,6,2,0.557
mix,4,c,7,4,28,aten,7,2,0.566
mix,4,a,8,5,17,aten,1,2,0.514
mix,4,c,8,2,40,aten,8,2,0.623
mix,4,a,9,5,16,aten,2,2,0.573
mix,4,a,1,3,5,pdae,1,2,0.672
mix,4,b,1,5,6,pdae,4,2,0.661
mix,4,e,3,1,12,pdae,9,2,0.704
mix,4,c,4,4,28,pdae,5,2,0.702
mix,4,d,4,1,21,pdae,7,2,0.684
mix,4,a,5,5,11,pdae,2,2,0.694
mix,4,a,7,2,47,pdae,3,2,0.727
mix,4,c,10,3,16,pdae,6,2,0.707
mix,4,d,10,2,33,pdae,8,2,0.699
mix,4,e,10,4,35,pdae,10,2,0.69
mix,4,a,2,2,33,plut,1,2,0.445
mix,4,d,2,5,44,plut,7,2,0.653
mix,4,b,5,1,16,plut,3,2,0.752
mix,4,c,5,2,14,plut,6,2,0.517
mix,4,e,5,3,3,plut,10,2,0.527
mix,4,d,6,5,28,plut,8,2,0.638
mix,4,b,8,4,37,plut,4,2,0.672
mix,4,b,9,3,62,plut,5,2,0.574
mix,4,d,9,4,47,plut,9,2,0.575
mix,4,a,10,1,4,plut,2,2,0.801
mix,4,e,1,4,11,pver,7,2,0.683
mix,4,b,2,4,26,pver,3,2,0.667
mix,4,a,4,5,37,pver,1,2,0.661
mix,4,e,4,3,14,pver,8,2,0.592
mix,4,a,6,2,2,pver,2,2,0.518
mix,4,d,7,2,39,pver,6,2,0.62
mix,4,e,8,5,42,pver,9,2,0.657
mix,4,c,9,1,17,pver,5,2,0.654
mix,4,e,9,3,9,pver,10,2,0.643
mix,4,b,10,1,12,pver,4,2,0.663
pellets,4,c,1,3,4,aten,5,2,0.592
pellets,4,d,1,5,41,aten,9,2,0.554
pellets,4,e,2,5,33,aten,10,2,0.583
pellets,4,b,3,4,35,aten,3,2,0.614
pellets,4,b,6,4,38,aten,4,2,0.648
pellets,4,c,6,3,5,aten,6,2,0.566
pellets,4,c,7,2,4,aten,7,2,0.589
pellets,4,a,8,1,15,aten,1,2,0.608
pellets,4,c,8,2,5,aten,8,2,0.582
pellets,4,a,9,2,3,aten,2,2,0.584
pellets,4,a,1,4,26,pdae,1,2,0.687
pellets,4,b,1,4,14,pdae,4,2,0.665
pellets,4,e,3,3,37,pdae,9,2,0.586
pellets,4,c,4,2,4,pdae,5,2,0.663
pellets,4,d,4,3,9,pdae,7,2,0.401
pellets,4,a,5,1,14,pdae,2,2,0.707
pellets,4,a,7,5,15,pdae,3,2,0.652
pellets,4,c,10,1,32,pdae,6,2,0.689
pellets,4,d,10,2,48,pdae,8,2,0.692
pellets,4,e,10,5,30,pdae,10,2,0.655
pellets,4,a,2,5,41,plut,1,2,0.614
pellets,4,d,2,3,5,plut,7,2,0.596
pellets,4,b,5,2,2,plut,3,2,0.512
pellets,4,c,5,5,31,plut,6,2,0.558
pellets,4,e,5,2,32,plut,10,2,0.583
pellets,4,d,6,3,41,plut,8,2,0.592
pellets,4,b,8,4,49,plut,4,2,0.591
pellets,4,b,9,4,52,plut,5,2,0.671
pellets,4,d,9,1,29,plut,9,2,0.659
pellets,4,a,10,3,40,plut,2,2,0.651
pellets,4,e,1,5,6,pver,7,2,0.674
pellets,4,b,2,5,25,pver,3,2,na
pellets,4,a,4,4,3,pver,1,2,0.678
pellets,4,e,4,3,37,pver,8,2,na
pellets,4,a,6,2,26,pver,2,2,0.611
pellets,4,d,7,4,15,pver,6,2,0.67
pellets,4,e,8,1,50,pver,9,2,0.661
pellets,4,c,9,1,23,pver,5,2,0.686
pellets,4,e,9,3,17,pver,10,2,na
pellets,4,b,10,2,6,pver,4,2,0.733
control,1,c,1,3,31,aten,5,3,na
control,1,d,1,5,49,aten,9,3,na
control,1,e,2,2,9,aten,10,3,na
control,1,b,3,1,44,aten,3,3,0.335
control,1,b,6,2,35,aten,4,3,na
control,1,c,6,4,10,aten,6,3,0.574
control,1,c,7,3,50,aten,7,3,na
control,1,a,8,1,21,aten,1,3,na
control,1,c,8,5,4,aten,8,3,na
control,1,a,9,4,3,aten,2,3,0.581
control,1,a,1,4,44,pdae,1,3,0.672
control,1,b,1,4,4,pdae,4,3,0.666
control,1,e,3,3,31,pdae,9,3,0.693
control,1,c,4,2,31,pdae,5,3,0.694
control,1,d,4,2,32,pdae,7,3,0.655
control,1,a,5,5,5,pdae,2,3,0.668
control,1,a,7,1,33,pdae,3,3,0.711
control,1,c,10,1,28,pdae,6,3,0.74
control,1,d,10,2,34,pdae,8,3,0.676
control,1,e,10,5,8,pdae,10,3,0.671
control,1,a,2,2,34,plut,1,3,0.411
control,1,d,2,3,17,plut,7,3,0.535
control,1,b,5,2,44,plut,3,3,0.395
control,1,c,5,3,30,plut,6,3,0.516
control,1,e,5,4,6,plut,10,3,0.515
control,1,d,6,5,14,plut,8,3,0.46
control,1,b,8,1,34,plut,4,3,0.631
control,1,b,9,3,32,plut,5,3,0.567
control,1,d,9,4,19,plut,9,3,0.577
control,1,a,10,5,16,plut,2,3,0.494
control,1,e,1,4,45,pver,7,3,0.658
control,1,b,2,2,41,pver,3,3,0.626
control,1,a,4,4,44,pver,1,3,0.596
control,1,e,4,3,60,pver,8,3,0.604
control,1,a,6,4,50,pver,2,3,0.603
control,1,d,7,2,49,pver,6,3,0.587
control,1,e,8,5,28,pver,9,3,0.62
control,1,c,9,1,24,pver,5,3,0.626
control,1,e,9,3,61,pver,10,3,0.583
control,1,b,10,5,29,pver,4,3,na
dissolved,1,c,1,4,11,aten,5,3,0.554
dissolved,1,d,1,5,13,aten,9,3,0.523
dissolved,1,e,2,2,25,aten,10,3,0.51
dissolved,1,b,3,5,20,aten,3,3,0.553
dissolved,1,b,6,3,29,aten,4,3,na
dissolved,1,c,6,4,29,aten,6,3,0.53
dissolved,1,c,7,1,36,aten,7,3,0.621
dissolved,1,a,8,3,20,aten,1,3,na
dissolved,1,c,8,1,43,aten,8,3,0.573
dissolved,1,a,9,2,17,aten,2,3,na
dissolved,1,a,1,3,26,pdae,1,3,0.604
dissolved,1,b,1,1,51,pdae,4,3,0.513
dissolved,1,e,3,1,50,pdae,9,3,0.702
dissolved,1,c,4,5,40,pdae,5,3,0.653
dissolved,1,d,4,3,21,pdae,7,3,0.642
dissolved,1,a,5,2,29,pdae,2,3,0.682
dissolved,1,a,7,2,36,pdae,3,3,0.678
dissolved,1,c,10,5,23,pdae,6,3,0.646
dissolved,1,d,10,4,7,pdae,8,3,0.654
dissolved,1,e,10,4,21,pdae,10,3,0.706
dissolved,1,a,2,2,39,plut,1,3,0.487
dissolved,1,d,2,5,12,plut,7,3,0.542
dissolved,1,b,5,1,32,plut,3,3,0.652
dissolved,1,c,5,2,45,plut,6,3,0.435
dissolved,1,e,5,3,57,plut,10,3,0.62
dissolved,1,d,6,1,26,plut,8,3,0.677
dissolved,1,b,8,4,3,plut,4,3,0.606
dissolved,1,b,9,4,25,plut,5,3,0.631
dissolved,1,d,9,5,3,plut,9,3,0.615
dissolved,1,a,10,3,38,plut,2,3,0.589
dissolved,1,e,1,4,43,pver,7,3,0.67
dissolved,1,b,2,3,23,pver,3,3,0.656
dissolved,1,a,4,5,9,pver,1,3,0.631
dissolved,1,e,4,2,46,pver,8,3,0.697
dissolved,1,a,6,2,38,pver,2,3,0.663
dissolved,1,d,7,4,35,pver,6,3,0.701
dissolved,1,e,8,3,35,pver,9,3,0.732
dissolved,1,c,9,4,40,pver,5,3,0.675
dissolved,1,e,9,1,21,pver,10,3,0.663
dissolved,1,b,10,5,45,pver,4,3,0.639
fish,1,c,1,3,2,aten,5,3,na
fish,1,d,1,2,28,aten,9,3,na
fish,1,e,2,1,16,aten,10,3,na
fish,1,b,3,3,1,aten,3,3,na
fish,1,b,6,4,5,aten,4,3,0.524
fish,1,c,6,2,21,aten,6,3,na
fish,1,c,7,4,13,aten,7,3,0.52
fish,1,a,8,5,2,aten,1,3,0.471
fish,1,c,8,1,20,aten,8,3,na
fish,1,a,9,5,47,aten,2,3,na
fish,1,a,1,4,46,pdae,1,3,0.656
fish,1,b,1,5,47,pdae,4,3,0.678
fish,1,e,3,1,43,pdae,9,3,0.646
fish,1,c,4,3,29,pdae,5,3,0.683
fish,1,d,4,4,40,pdae,7,3,0.669
fish,1,a,5,5,46,pdae,2,3,0.665
fish,1,a,7,5,38,pdae,3,3,0.669
fish,1,c,10,2,40,pdae,6,3,0.701
fish,1,d,10,1,15,pdae,8,3,0.725
fish,1,e,10,2,20,pdae,10,3,0.676
fish,1,a,2,2,38,plut,1,3,0.41
fish,1,d,2,3,11,plut,7,3,0.542
fish,1,b,5,3,15,plut,3,3,0.667
fish,1,c,5,4,17,plut,6,3,0.547
fish,1,e,5,4,13,plut,10,3,0.593
fish,1,d,6,5,6,plut,8,3,0.615
fish,1,b,8,1,35,plut,4,3,0.754
fish,1,b,9,2,16,plut,5,3,0.451
fish,1,d,9,5,5,plut,9,3,0.556
fish,1,a,10,1,5,plut,2,3,0.642
fish,1,e,1,3,57,pver,7,3,0.653
fish,1,b,2,2,50,pver,3,3,0.639
fish,1,a,4,5,56,pver,1,3,0.583
fish,1,e,4,2,43,pver,8,3,0.61
fish,1,a,6,2,42,pver,2,3,0.59
fish,1,d,7,4,48,pver,6,3,0.615
fish,1,e,8,4,47,pver,9,3,0.621
fish,1,c,9,1,20,pver,5,3,0.63
fish,1,e,9,3,58,pver,10,3,0.648
fish,1,b,10,1,15,pver,4,3,0.65
livefeeds,1,c,1,2,10,aten,5,3,na
livefeeds,1,d,1,1,45,aten,9,3,0.598
livefeeds,1,e,2,1,37,aten,10,3,na
livefeeds,1,b,3,2,18,aten,3,3,na
livefeeds,1,b,6,3,21,aten,4,3,na
livefeeds,1,c,6,3,11,aten,6,3,na
livefeeds,1,c,7,4,21,aten,7,3,0.553
livefeeds,1,a,8,5,3,aten,1,3,0.476
livefeeds,1,c,8,5,12,aten,8,3,na
livefeeds,1,a,9,4,9,aten,2,3,0.548
livefeeds,1,a,1,2,19,pdae,1,3,0.689
livefeeds,1,b,1,1,42,pdae,4,3,0.691
livefeeds,1,e,3,3,13,pdae,9,3,0.706
livefeeds,1,c,4,4,8,pdae,5,3,0.694
livefeeds,1,d,4,4,17,pdae,7,3,0.716
livefeeds,1,a,5,5,35,pdae,2,3,0.716
livefeeds,1,a,7,5,24,pdae,3,3,0.685
livefeeds,1,c,10,3,34,pdae,6,3,0.714
livefeeds,1,d,10,1,46,pdae,8,3,0.691
livefeeds,1,e,10,2,10,pdae,10,3,0.726
livefeeds,1,a,2,5,18,plut,1,3,0.513
livefeeds,1,d,2,2,10,plut,7,3,0.304
livefeeds,1,b,5,3,42,plut,3,3,0.609
livefeeds,1,c,5,2,37,plut,6,3,0.311
livefeeds,1,e,5,3,7,plut,10,3,0.551
livefeeds,1,d,6,1,9,plut,8,3,0.661
livefeeds,1,b,8,5,9,plut,4,3,0.534
livefeeds,1,b,9,4,26,plut,5,3,0.652
livefeeds,1,d,9,4,21,plut,9,3,0.631
livefeeds,1,a,10,1,33,plut,2,3,0.665
livefeeds,1,e,1,4,27,pver,7,3,0.659
livefeeds,1,b,2,5,1,pver,3,3,0.615
livefeeds,1,a,4,3,15,pver,1,3,0.649
livefeeds,1,e,4,5,32,pver,8,3,0.617
livefeeds,1,a,6,2,1,pver,2,3,0.623
livefeeds,1,d,7,4,41,pver,6,3,0.616
livefeeds,1,e,8,2,22,pver,9,3,0.662
livefeeds,1,c,9,1,35,pver,5,3,0.64
livefeeds,1,e,9,2,35,pver,10,3,0.655
livefeeds,1,b,10,3,16,pver,4,3,0.654
mix,1,c,1,4,4,aten,5,3,na
mix,1,d,1,2,38,aten,9,3,-
mix,1,e,2,4,6,aten,10,3,0.536
mix,1,b,3,3,3,aten,3,3,na
mix,1,b,6,5,8,aten,4,3,0.458
mix,1,c,6,1,14,aten,6,3,na
mix,1,c,7,2,1,aten,7,3,na
mix,1,a,8,5,50,aten,1,3,0.476
mix,1,c,8,1,27,aten,8,3,0.489
mix,1,a,9,3,9,aten,2,3,na
mix,1,a,1,2,14,pdae,1,3,0.696
mix,1,b,1,5,48,pdae,4,3,0.666
mix,1,e,3,5,50,pdae,9,3,0.666
mix,1,c,4,3,35,pdae,5,3,0.603
mix,1,d,4,2,30,pdae,7,3,0.673
mix,1,a,5,1,37,pdae,2,3,0.725
mix,1,a,7,1,23,pdae,3,3,0.749
mix,1,c,10,4,49,pdae,6,3,0.716
mix,1,d,10,2,37,pdae,8,3,0.698
mix,1,e,10,4,20,pdae,10,3,0.695
mix,1,a,2,3,36,plut,1,3,0.6
mix,1,d,2,3,6,plut,7,3,0.637
mix,1,b,5,5,17,plut,3,3,0.62
mix,1,c,5,5,10,plut,6,3,0.654
mix,1,e,5,2,40,plut,10,3,0.442
mix,1,d,6,1,1,plut,8,3,0.671
mix,1,b,8,4,2,plut,4,3,0.641
mix,1,b,9,1,24,plut,5,3,0.672
mix,1,d,9,4,22,plut,9,3,0.604
mix,1,a,10,2,3,plut,2,3,0.31
mix,1,e,1,3,55,pver,7,3,0.655
mix,1,b,2,2,47,pver,3,3,0.683
mix,1,a,4,2,40,pver,1,3,0.631
mix,1,e,4,5,44,pver,8,3,0.587
mix,1,a,6,4,46,pver,2,3,0.67
mix,1,d,7,4,49,pver,6,3,0.607
mix,1,e,8,3,56,pver,9,3,0.604
mix,1,c,9,5,57,pver,5,3,0.651
mix,1,e,9,1,34,pver,10,3,0.631
mix,1,b,10,3,59,pver,4,3,0.639
pellets,1,c,1,1,31,aten,5,3,0.574
pellets,1,d,1,2,12,aten,9,3,na
pellets,1,e,2,1,32,aten,10,3,na
pellets,1,b,3,3,47,aten,3,3,na
pellets,1,b,6,3,36,aten,4,3,0.579
pellets,1,c,6,2,47,aten,6,3,na
pellets,1,c,7,4,43,aten,7,3,0.519
pellets,1,a,8,5,34,aten,1,3,0.433
pellets,1,c,8,4,40,aten,8,3,na
pellets,1,a,9,5,40,aten,2,3,0.545
pellets,1,a,1,3,44,pdae,1,3,0.69
pellets,1,b,1,4,15,pdae,4,3,0.665
pellets,1,e,3,5,19,pdae,9,3,0.722
pellets,1,c,4,2,7,pdae,5,3,0.694
pellets,1,d,4,4,37,pdae,7,3,0.643
pellets,1,a,5,3,2,pdae,2,3,0.654
pellets,1,a,7,1,47,pdae,3,3,0.692
pellets,1,c,10,1,8,pdae,6,3,0.674
pellets,1,d,10,5,21,pdae,8,3,0.678
pellets,1,e,10,2,13,pdae,10,3,0.704
pellets,1,a,2,5,40,plut,1,3,0.572
pellets,1,d,2,2,50,plut,7,3,0.532
pellets,1,b,5,3,45,plut,3,3,0.579
pellets,1,c,5,2,25,plut,6,3,0.5
pellets,1,e,5,1,23,plut,10,3,0.647
pellets,1,d,6,3,28,plut,8,3,0.582
pellets,1,b,8,4,33,plut,4,3,0.647
pellets,1,b,9,5,32,plut,5,3,0.571
pellets,1,d,9,3,20,plut,9,3,0.618
pellets,1,a,10,4,27,plut,2,3,0.611
pellets,1,e,1,3,18,pver,7,3,0.674
pellets,1,b,2,4,38,pver,3,3,0.72
pellets,1,a,4,5,20,pver,1,3,0.589
pellets,1,e,4,2,34,pver,8,3,0.69
pellets,1,a,6,1,26,pver,2,3,0.639
pellets,1,d,7,2,17,pver,6,3,0.596
pellets,1,e,8,5,17,pver,9,3,0.608
pellets,1,c,9,1,8,pver,5,3,0.731
pellets,1,e,9,3,2,pver,10,3,0.663
pellets,1,b,10,4,17,pver,4,3,0.646
control,2,c,1,1,24,aten,5,3,na
control,2,d,1,1,19,aten,9,3,0.551
control,2,e,2,2,48,aten,10,3,na
control,2,b,3,2,13,aten,3,3,na
control,2,b,6,3,16,aten,4,3,na
control,2,c,6,3,17,aten,6,3,na
control,2,c,7,5,46,aten,7,3,na
control,2,a,8,4,12,aten,1,3,0.618
control,2,c,8,5,45,aten,8,3,0.503
control,2,a,9,4,18,aten,2,3,0.537
control,2,a,1,4,39,pdae,1,3,0.683
control,2,b,1,5,1,pdae,4,3,0.664
control,2,e,3,4,47,pdae,9,3,0.657
control,2,c,4,2,1,pdae,5,3,0.675
control,2,d,4,5,2,pdae,7,3,0.653
control,2,a,5,2,23,pdae,2,3,0.678
control,2,a,7,1,39,pdae,3,3,0.667
control,2,c,10,3,7,pdae,6,3,0.677
control,2,d,10,1,36,pdae,8,3,0.695
control,2,e,10,3,24,pdae,10,3,0.701
control,2,a,2,3,16,plut,1,3,0.564
control,2,d,2,5,21,plut,7,3,0.499
control,2,b,5,3,25,plut,3,3,0.532
control,2,c,5,5,2,plut,6,3,0.486
control,2,e,5,2,46,plut,10,3,0.375
control,2,d,6,4,7,plut,8,3,0.586
control,2,b,8,4,20,plut,4,3,0.629
control,2,b,9,2,29,plut,5,3,0.401
control,2,d,9,3,1,plut,9,3,0.508
control,2,a,10,1,3,plut,2,3,0.588
control,2,e,1,5,31,pver,7,3,0.631
control,2,b,2,5,38,pver,3,3,0.585
control,2,a,4,4,23,pver,1,3,0.638
control,2,e,4,4,24,pver,8,3,0.627
control,2,a,6,3,34,pver,2,3,0.565
control,2,d,7,3,41,pver,6,3,0.627
control,2,e,8,2,14,pver,9,3,0.646
control,2,c,9,1,3,pver,5,3,0.696
control,2,e,9,3,26,pver,10,3,0.638
control,2,b,10,2,21,pver,4,3,na
dissolved,2,c,1,1,42,aten,5,3,0.857
dissolved,2,d,1,1,48,aten,9,3,0.577
dissolved,2,e,2,3,14,aten,10,3,0.496
dissolved,2,b,3,3,19,aten,3,3,0.524
dissolved,2,b,6,2,23,aten,4,3,na
dissolved,2,c,6,4,7,aten,6,3,0.561
dissolved,2,c,7,5,48,aten,7,3,0.53
dissolved,2,a,8,4,14,aten,1,3,0.53
dissolved,2,c,8,2,34,aten,8,3,na
dissolved,2,a,9,5,5,aten,2,3,0.499
dissolved,2,a,1,2,12,pdae,1,3,0.682
dissolved,2,b,1,5,34,pdae,4,3,0.652
dissolved,2,e,3,1,40,pdae,9,3,0.701
dissolved,2,c,4,3,23,pdae,5,3,0.645
dissolved,2,d,4,3,20,pdae,7,3,0.632
dissolved,2,a,5,4,3,pdae,2,3,0.656
dissolved,2,a,7,1,16,pdae,3,3,0.694
dissolved,2,c,10,5,16,pdae,6,3,0.719
dissolved,2,d,10,2,16,pdae,8,3,0.721
dissolved,2,e,10,4,19,pdae,10,3,0.688
dissolved,2,a,2,2,24,plut,1,3,0.346
dissolved,2,d,2,3,29,plut,7,3,0.594
dissolved,2,b,5,3,4,plut,3,3,0.692
dissolved,2,c,5,4,1,plut,6,3,0.622
dissolved,2,e,5,4,24,plut,10,3,0.609
dissolved,2,d,6,1,17,plut,8,3,0.607
dissolved,2,b,8,5,15,plut,4,3,0.689
dissolved,2,b,9,5,7,plut,5,3,0.603
dissolved,2,d,9,1,10,plut,9,3,0.594
dissolved,2,a,10,2,52,plut,2,3,0.515
dissolved,2,e,1,5,2,pver,7,3,0.659
dissolved,2,b,2,4,20,pver,3,3,0.676
dissolved,2,a,4,5,15,pver,1,3,0.63
dissolved,2,e,4,4,19,pver,8,3,0.643
dissolved,2,a,6,3,10,pver,2,3,0.651
dissolved,2,d,7,2,30,pver,6,3,0.662
dissolved,2,e,8,3,25,pver,9,3,0.657
dissolved,2,c,9,1,6,pver,5,3,0.605
dissolved,2,e,9,2,31,pver,10,3,0.686
dissolved,2,b,10,1,18,pver,4,3,0.684
fish,2,c,1,4,26,aten,5,3,0.529
fish,2,d,1,2,31,aten,9,3,na
fish,2,e,2,1,22,aten,10,3,0.563
fish,2,b,3,3,24,aten,3,3,na
fish,2,b,6,2,24,aten,4,3,na
fish,2,c,6,3,25,aten,6,3,na
fish,2,c,7,4,20,aten,7,3,0.536
fish,2,a,8,5,30,aten,1,3,0.516
fish,2,c,8,5,31,aten,8,3,0.497
fish,2,a,9,1,23,aten,2,3,na
fish,2,a,1,4,22,pdae,1,3,0.702
fish,2,b,1,5,52,pdae,4,3,0.674
fish,2,e,3,3,42,pdae,9,3,0.7
fish,2,c,4,1,6,pdae,5,3,0.725
fish,2,d,4,2,24,pdae,7,3,0.717
fish,2,a,5,5,33,pdae,2,3,0.77
fish,2,a,7,4,29,pdae,3,3,0.726
fish,2,c,10,1,5,pdae,6,3,0.715
fish,2,d,10,3,28,pdae,8,3,0.722
fish,2,e,10,2,21,pdae,10,3,0.705
fish,2,a,2,2,17,plut,1,3,0.368
fish,2,d,2,3,2,plut,7,3,0.583
fish,2,b,5,3,55,plut,3,3,0.686
fish,2,c,5,4,4,plut,6,3,0.501
fish,2,e,5,1,7,plut,10,3,0.677
fish,2,d,6,5,11,plut,8,3,0.565
fish,2,b,8,5,19,plut,4,3,0.512
fish,2,b,9,2,43,plut,5,3,0.414
fish,2,d,9,4,23,plut,9,3,0.623
fish,2,a,10,1,18,plut,2,3,0.707
fish,2,e,1,2,15,pver,7,3,0.663
fish,2,b,2,3,28,pver,3,3,0.581
fish,2,a,4,5,3,pver,1,3,0.632
fish,2,e,4,5,11,pver,8,3,0.578
fish,2,a,6,4,22,pver,2,3,0.587
fish,2,d,7,3,27,pver,6,3,0.631
fish,2,e,8,2,9,pver,9,3,0.639
fish,2,c,9,1,5,pver,5,3,0.64
fish,2,e,9,3,22,pver,10,3,0.728
fish,2,b,10,4,10,pver,4,3,0.659
livefeeds,2,c,1,2,39,aten,5,3,na
livefeeds,2,d,1,2,6,aten,9,3,na
livefeeds,2,e,2,4,8,aten,10,3,0.58
livefeeds,2,b,3,1,10,aten,3,3,na
livefeeds,2,b,6,1,13,aten,4,3,0.584
livefeeds,2,c,6,3,12,aten,6,3,na
livefeeds,2,c,7,4,19,aten,7,3,0.554
livefeeds,2,a,8,5,10,aten,1,3,0.498
livefeeds,2,c,8,5,38,aten,8,3,0.521
livefeeds,2,a,9,3,26,aten,2,3,0.669
livefeeds,2,a,1,2,41,pdae,1,3,0.696
livefeeds,2,b,1,4,41,pdae,4,3,0.668
livefeeds,2,e,3,3,22,pdae,9,3,0.691
livefeeds,2,c,4,3,45,pdae,5,3,0.662
livefeeds,2,d,4,4,27,pdae,7,3,0.662
livefeeds,2,a,5,5,13,pdae,2,3,0.663
livefeeds,2,a,7,5,22,pdae,3,3,0.686
livefeeds,2,c,10,1,24,pdae,6,3,0.705
livefeeds,2,d,10,2,27,pdae,8,3,0.696
livefeeds,2,e,10,1,22,pdae,10,3,0.715
livefeeds,2,a,2,3,46,plut,1,3,0.531
livefeeds,2,d,2,2,27,plut,7,3,0.414
livefeeds,2,b,5,3,13,plut,3,3,0.576
livefeeds,2,c,5,4,15,plut,6,3,0.581
livefeeds,2,e,5,5,22,plut,10,3,0.554
livefeeds,2,d,6,2,8,plut,8,3,0.328
livefeeds,2,b,8,1,22,plut,4,3,0.685
livefeeds,2,b,9,4,11,plut,5,3,0.599
livefeeds,2,d,9,5,1,plut,9,3,0.575
livefeeds,2,a,10,1,12,plut,2,3,0.654
livefeeds,2,e,1,4,21,pver,7,3,0.622
livefeeds,2,b,2,3,38,pver,3,3,0.652
livefeeds,2,a,4,2,8,pver,1,3,0.638
livefeeds,2,e,4,3,20,pver,8,3,0.771
livefeeds,2,a,6,2,16,pver,2,3,0.612
livefeeds,2,d,7,1,2,pver,6,3,0.695
livefeeds,2,e,8,1,11,pver,9,3,0.647
livefeeds,2,c,9,4,42,pver,5,3,0.635
livefeeds,2,e,9,5,34,pver,10,3,0.653
livefeeds,2,b,10,5,33,pver,4,3,0.623
mix,2,c,1,2,2,aten,5,3,na
mix,2,d,1,5,39,aten,9,3,0.461
mix,2,e,2,4,2,aten,10,3,0.518
mix,2,b,3,4,42,aten,3,3,0.532
mix,2,b,6,5,24,aten,4,3,0.432
mix,2,c,6,3,18,aten,6,3,na
mix,2,c,7,1,1,aten,7,3,na
mix,2,a,8,2,16,aten,1,3,na
mix,2,c,8,3,10,aten,8,3,0.436
mix,2,a,9,1,28,aten,2,3,na
mix,2,a,1,4,6,pdae,1,3,0.688
mix,2,b,1,4,2,pdae,4,3,0.683
mix,2,e,3,4,32,pdae,9,3,0.697
mix,2,c,4,3,3,pdae,5,3,0.731
mix,2,d,4,2,49,pdae,7,3,0.755
mix,2,a,5,5,37,pdae,2,3,0.68
mix,2,a,7,2,44,pdae,3,3,0.693
mix,2,c,10,1,11,pdae,6,3,0.706
mix,2,d,10,1,41,pdae,8,3,0.693
mix,2,e,10,5,36,pdae,10,3,0.647
mix,2,a,2,3,60,plut,1,3,0.616
mix,2,d,2,5,4,plut,7,3,0.547
mix,2,b,5,1,25,plut,3,3,0.67
mix,2,c,5,2,49,plut,6,3,0.425
mix,2,e,5,5,13,plut,10,3,0.497
mix,2,d,6,2,35,plut,8,3,0.554
mix,2,b,8,3,26,plut,4,3,0.546
mix,2,b,9,4,10,plut,5,3,0.536
mix,2,d,9,4,16,plut,9,3,0.625
mix,2,a,10,1,19,plut,2,3,0.694
mix,2,e,1,2,44,pver,7,3,0.628
mix,2,b,2,2,48,pver,3,3,0.632
mix,2,a,4,4,29,pver,1,3,0.672
mix,2,e,4,3,19,pver,8,3,0.624
mix,2,a,6,3,24,pver,2,3,0.643
mix,2,d,7,4,30,pver,6,3,0.615
mix,2,e,8,5,35,pver,9,3,0.625
mix,2,c,9,5,30,pver,5,3,0.654
mix,2,e,9,1,22,pver,10,3,0.642
mix,2,b,10,2,37,pver,4,3,0.635
pellets,2,c,1,2,27,aten,5,3,0.612
pellets,2,d,1,1,7,aten,9,3,na
pellets,2,e,2,1,6,aten,10,3,na
pellets,2,b,3,2,26,aten,3,3,na
pellets,2,b,6,3,40,aten,4,3,na
pellets,2,c,6,3,33,aten,6,3,na
pellets,2,c,7,5,25,aten,7,3,0.52
pellets,2,a,8,4,23,aten,1,3,0.484
pellets,2,c,8,5,26,aten,8,3,0.58
pellets,2,a,9,4,22,aten,2,3,0.554
pellets,2,a,1,2,54,pdae,1,3,0.678
pellets,2,b,1,1,35,pdae,4,3,0.669
pellets,2,e,3,2,17,pdae,9,3,0.672
pellets,2,c,4,4,12,pdae,5,3,0.688
pellets,2,d,4,3,38,pdae,7,3,0.606
pellets,2,a,5,1,34,pdae,2,3,0.661
pellets,2,a,7,3,18,pdae,3,3,0.652
pellets,2,c,10,5,12,pdae,6,3,0.709
pellets,2,d,10,4,25,pdae,8,3,0.676
pellets,2,e,10,5,3,pdae,10,3,0.643
pellets,2,a,2,2,12,plut,1,3,0.515
pellets,2,d,2,3,48,plut,7,3,0.581
pellets,2,b,5,5,45,plut,3,3,0.602
pellets,2,c,5,5,30,plut,6,3,0.544
pellets,2,e,5,4,51,plut,10,3,0.576
pellets,2,d,6,2,41,plut,8,3,0.514
pellets,2,b,8,4,59,plut,4,3,0.692
pellets,2,b,9,3,33,plut,5,3,0.626
pellets,2,d,9,2,7,plut,9,3,0.452
pellets,2,a,10,1,21,plut,2,3,0.678
pellets,2,e,1,2,24,pver,7,3,0.664
pellets,2,b,2,2,5,pver,3,3,0.592
pellets,2,a,4,5,5,pver,1,3,0.652
pellets,2,e,4,4,1,pver,8,3,0.674
pellets,2,a,6,1,10,pver,2,3,0.658
pellets,2,d,7,1,38,pver,6,3,0.665
pellets,2,e,8,3,36,pver,9,3,na
pellets,2,c,9,5,23,pver,5,3,na
pellets,2,e,9,4,36,pver,10,3,na
pellets,2,b,10,3,30,pver,4,3,na
control,3,c,1,3,32,aten,5,3,na
control,3,d,1,1,3,aten,9,3,0.584
control,3,e,2,1,26,aten,10,3,na
control,3,b,3,4,1,aten,3,3,na
control,3,b,6,1,38,aten,4,3,na
control,3,c,6,2,32,aten,6,3,na
control,3,c,7,4,16,aten,7,3,0.514
control,3,a,8,5,11,aten,1,3,0.453
control,3,c,8,3,46,aten,8,3,na
control,3,a,9,5,1,aten,2,3,0.529
control,3,a,1,1,20,pdae,1,3,0.714
control,3,b,1,4,33,pdae,4,3,0.688
control,3,e,3,3,14,pdae,9,3,0.734
control,3,c,4,2,46,pdae,5,3,0.732
control,3,d,4,5,54,pdae,7,3,0.659
control,3,a,5,4,42,pdae,2,3,0.718
control,3,a,7,5,10,pdae,3,3,0.658
control,3,c,10,2,38,pdae,6,3,0.7
control,3,d,10,1,25,pdae,8,3,0.72
control,3,e,10,3,15,pdae,10,3,0.675
control,3,a,2,4,8,plut,1,3,0.574
control,3,d,2,4,9,plut,7,3,0.565
control,3,b,5,5,23,plut,3,3,0.516
control,3,c,5,2,20,plut,6,3,0.435
control,3,e,5,3,56,plut,10,3,0.541
control,3,d,6,2,31,plut,8,3,0.342
control,3,b,8,3,22,plut,4,3,0.504
control,3,b,9,1,6,plut,5,3,0.672
control,3,d,9,5,8,plut,9,3,0.497
control,3,a,10,1,8,plut,2,3,0.658
control,3,e,1,3,12,pver,7,3,0.633
control,3,b,2,3,11,pver,3,3,0.652
control,3,a,4,5,40,pver,1,3,0.615
control,3,e,4,5,39,pver,8,3,0.585
control,3,a,6,4,33,pver,2,3,0.646
control,3,d,7,1,4,pver,6,3,0.652
control,3,e,8,4,34,pver,9,3,0.698
control,3,c,9,2,13,pver,5,3,0.65
control,3,e,9,2,23,pver,10,3,0.629
control,3,b,10,1,36,pver,4,3,0.731
dissolved,3,c,1,3,37,aten,5,3,na
dissolved,3,d,1,3,30,aten,9,3,na
dissolved,3,e,2,2,42,aten,10,3,na
dissolved,3,b,3,2,44,aten,3,3,na
dissolved,3,b,6,4,27,aten,4,3,na
dissolved,3,c,6,1,33,aten,6,3,0.52
dissolved,3,c,7,1,41,aten,7,3,na
dissolved,3,a,8,4,25,aten,1,3,0.495
dissolved,3,c,8,5,7,aten,8,3,0.443
dissolved,3,a,9,5,6,aten,2,3,0.579
dissolved,3,a,1,2,55,pdae,1,3,0.696
dissolved,3,b,1,4,34,pdae,4,3,0.685
dissolved,3,e,3,5,45,pdae,9,3,0.692
dissolved,3,c,4,1,10,pdae,5,3,0.683
dissolved,3,d,4,1,17,pdae,7,3,0.678
dissolved,3,a,5,2,53,pdae,2,3,0.672
dissolved,3,a,7,5,4,pdae,3,3,0.663
dissolved,3,c,10,3,11,pdae,6,3,0.683
dissolved,3,d,10,3,33,pdae,8,3,0.685
dissolved,3,e,10,4,48,pdae,10,3,0.725
dissolved,3,a,2,2,13,plut,1,3,0.439
dissolved,3,d,2,3,44,plut,7,3,0.572
dissolved,3,b,5,4,38,plut,3,3,0.566
dissolved,3,c,5,4,43,plut,6,3,0.573
dissolved,3,e,5,5,51,plut,10,3,0.519
dissolved,3,d,6,1,31,plut,8,3,0.605
dissolved,3,b,8,5,29,plut,4,3,0.5
dissolved,3,b,9,5,33,plut,5,3,0.57
dissolved,3,d,9,2,22,plut,9,3,0.409
dissolved,3,a,10,3,18,plut,2,3,0.595
dissolved,3,e,1,5,10,pver,7,3,0.772
dissolved,3,b,2,1,28,pver,3,3,0.654
dissolved,3,a,4,5,4,pver,1,3,0.583
dissolved,3,e,4,1,7,pver,8,3,0.634
dissolved,3,a,6,2,51,pver,2,3,0.63
dissolved,3,d,7,4,12,pver,6,3,0.628
dissolved,3,e,8,2,45,pver,9,3,0.612
dissolved,3,c,9,3,31,pver,5,3,0.629
dissolved,3,e,9,4,32,pver,10,3,0.623
dissolved,3,b,10,3,32,pver,4,3,0.647
fish,3,c,1,1,30,aten,5,3,0.608
fish,3,d,1,1,29,aten,9,3,0.58
fish,3,e,2,4,41,aten,10,3,0.516
fish,3,b,3,3,35,aten,3,3,na
fish,3,b,6,2,41,aten,4,3,0.556
fish,3,c,6,2,33,aten,6,3,na
fish,3,c,7,4,34,aten,7,3,na
fish,3,a,8,5,14,aten,1,3,0.509
fish,3,c,8,3,34,aten,8,3,na
fish,3,a,9,5,15,aten,2,3,0.486
fish,3,a,1,5,28,pdae,1,3,0.687
fish,3,b,1,4,43,pdae,4,3,0.685
fish,3,e,3,5,44,pdae,9,3,0.658
fish,3,c,4,2,35,pdae,5,3,0.678
fish,3,d,4,3,40,pdae,7,3,0.69
fish,3,a,5,4,5,pdae,2,3,0.688
fish,3,a,7,3,17,pdae,3,3,0.686
fish,3,c,10,1,19,pdae,6,3,0.713
fish,3,d,10,1,3,pdae,8,3,0.719
fish,3,e,10,2,26,pdae,10,3,0.706
fish,3,a,2,4,41,plut,1,3,0.627
fish,3,d,2,5,53,plut,7,3,0.596
fish,3,b,5,3,47,plut,3,3,0.628
fish,3,c,5,4,31,plut,6,3,0.572
fish,3,e,5,2,26,plut,10,3,0.365
fish,3,d,6,5,46,plut,8,3,0.541
fish,3,b,8,1,13,plut,4,3,0.667
fish,3,b,9,3,54,plut,5,3,0.557
fish,3,d,9,2,5,plut,9,3,0.388
fish,3,a,10,3,49,plut,2,3,0.591
fish,3,e,1,2,29,pver,7,3,0.648
fish,3,b,2,4,6,pver,3,3,0.626
fish,3,a,4,2,7,pver,1,3,0.574
fish,3,e,4,5,36,pver,8,3,0.601
fish,3,a,6,5,27,pver,2,3,0.635
fish,3,d,7,1,32,pver,6,3,0.673
fish,3,e,8,3,4,pver,9,3,0.648
fish,3,c,9,1,16,pver,5,3,0.656
fish,3,e,9,4,9,pver,10,3,0.622
fish,3,b,10,3,3,pver,4,3,0.686
livefeeds,3,c,1,1,40,aten,5,3,na
livefeeds,3,d,1,3,49,aten,9,3,na
livefeeds,3,e,2,2,43,aten,10,3,0.51
livefeeds,3,b,3,3,43,aten,3,3,na
livefeeds,3,b,6,1,39,aten,4,3,na
livefeeds,3,c,6,2,37,aten,6,3,na
livefeeds,3,c,7,4,33,aten,7,3,0.404
livefeeds,3,a,8,5,19,aten,1,3,0.538
livefeeds,3,c,8,4,32,aten,8,3,0.509
livefeeds,3,a,9,5,18,aten,2,3,0.792
livefeeds,3,a,1,4,36,pdae,1,3,0.677
livefeeds,3,b,1,2,39,pdae,4,3,0.668
livefeeds,3,e,3,5,14,pdae,9,3,0.662
livefeeds,3,c,4,2,18,pdae,5,3,0.682
livefeeds,3,d,4,4,24,pdae,7,3,0.658
livefeeds,3,a,5,3,12,pdae,2,3,0.69
livefeeds,3,a,7,5,9,pdae,3,3,0.705
livefeeds,3,c,10,1,9,pdae,6,3,0.727
livefeeds,3,d,10,1,52,pdae,8,3,0.699
livefeeds,3,e,10,3,30,pdae,10,3,0.679
livefeeds,3,a,2,5,36,plut,1,3,0.513
livefeeds,3,d,2,3,14,plut,7,3,0.549
livefeeds,3,b,5,2,28,plut,3,3,0.309
livefeeds,3,c,5,3,34,plut,6,3,0.501
livefeeds,3,e,5,4,39,plut,10,3,0.518
livefeeds,3,d,6,2,36,plut,8,3,0.267
livefeeds,3,b,8,1,14,plut,4,3,0.66
livefeeds,3,b,9,3,8,plut,5,3,0.559
livefeeds,3,d,9,5,27,plut,9,3,0.435
livefeeds,3,a,10,4,55,plut,2,3,0.581
livefeeds,3,e,1,4,13,pver,7,3,0.606
livefeeds,3,b,2,2,32,pver,3,3,0.632
livefeeds,3,a,4,4,39,pver,1,3,0.688
livefeeds,3,e,4,2,4,pver,8,3,0.637
livefeeds,3,a,6,1,13,pver,2,3,0.59
livefeeds,3,d,7,1,19,pver,6,3,0.635
livefeeds,3,e,8,3,1,pver,9,3,0.647
livefeeds,3,c,9,5,21,pver,5,3,0.643
livefeeds,3,e,9,3,8,pver,10,3,0.612
livefeeds,3,b,10,5,22,pver,4,3,0.742
mix,3,c,1,1,34,aten,5,3,na
mix,3,d,1,1,46,aten,9,3,0.575
mix,3,e,2,3,27,aten,10,3,na
mix,3,b,3,2,46,aten,3,3,na
mix,3,b,6,3,39,aten,4,3,na
mix,3,c,6,2,49,aten,6,3,na
mix,3,c,7,4,24,aten,7,3,na
mix,3,a,8,5,9,aten,1,3,0.53
mix,3,c,8,4,17,aten,8,3,0.632
mix,3,a,9,5,23,aten,2,3,0.388
mix,3,a,1,4,18,pdae,1,3,0.654
mix,3,b,1,3,36,pdae,4,3,0.647
mix,3,e,3,3,47,pdae,9,3,0.674
mix,3,c,4,2,6,pdae,5,3,0.711
mix,3,d,4,2,50,pdae,7,3,0.691
mix,3,a,5,1,26,pdae,2,3,0.699
mix,3,a,7,4,23,pdae,3,3,0.678
mix,3,c,10,5,17,pdae,6,3,0.672
mix,3,d,10,1,2,pdae,8,3,0.713
mix,3,e,10,5,51,pdae,10,3,0.678
mix,3,a,2,3,23,plut,1,3,0.611
mix,3,d,2,4,48,plut,7,3,0.585
mix,3,b,5,3,12,plut,3,3,0.614
mix,3,c,5,5,49,plut,6,3,na
mix,3,e,5,5,52,plut,10,3,0.363
mix,3,d,6,2,30,plut,8,3,0.555
mix,3,b,8,4,46,plut,4,3,0.585
mix,3,b,9,2,42,plut,5,3,0.332
mix,3,d,9,1,15,plut,9,3,0.722
mix,3,a,10,1,11,plut,2,3,0.652
mix,3,e,1,4,5,pver,7,3,0.66
mix,3,b,2,5,16,pver,3,3,0.607
mix,3,a,4,4,18,pver,1,3,0.636
mix,3,e,4,2,3,pver,8,3,0.654
mix,3,a,6,5,41,pver,2,3,0.6
mix,3,d,7,3,33,pver,6,3,0.608
mix,3,e,8,1,14,pver,9,3,0.668
mix,3,c,9,1,9,pver,5,3,0.682
mix,3,e,9,3,13,pver,10,3,0.654
mix,3,b,10,2,10,pver,4,3,0.653
pellets,3,c,1,2,20,aten,5,3,na
pellets,3,d,1,1,5,aten,9,3,0.616
pellets,3,e,2,2,51,aten,10,3,0.514
pellets,3,b,3,2,45,aten,3,3,na
pellets,3,b,6,3,45,aten,4,3,na
pellets,3,c,6,3,61,aten,6,3,na
pellets,3,c,7,4,44,aten,7,3,na
pellets,3,a,8,5,35,aten,1,3,0.506
pellets,3,c,8,5,32,aten,8,3,0.506
pellets,3,a,9,4,30,aten,2,3,0.642
pellets,3,a,1,3,25,pdae,1,3,0.684
pellets,3,b,1,4,30,pdae,4,3,0.671
pellets,3,e,3,5,49,pdae,9,3,0.677
pellets,3,c,4,1,29,pdae,5,3,0.606
pellets,3,d,4,5,18,pdae,7,3,0.696
pellets,3,a,5,2,3,pdae,2,3,0.7
pellets,3,a,7,3,1,pdae,3,3,0.683
pellets,3,c,10,1,44,pdae,6,3,0.763
pellets,3,d,10,2,15,pdae,8,3,0.696
pellets,3,e,10,3,8,pdae,10,3,0.71
pellets,3,a,2,3,31,plut,1,3,0.55
pellets,3,d,2,2,11,plut,7,3,0.42
pellets,3,b,5,5,47,plut,3,3,0.556
pellets,3,c,5,3,58,plut,6,3,0.55
pellets,3,e,5,5,42,plut,10,3,0.589
pellets,3,d,6,2,6,plut,8,3,0.479
pellets,3,b,8,5,48,plut,4,3,0.528
pellets,3,b,9,4,57,plut,5,3,0.6
pellets,3,d,9,4,30,plut,9,3,0.6
pellets,3,a,10,1,27,plut,2,3,0.659
pellets,3,e,1,2,33,pver,7,3,0.651
pellets,3,b,2,5,8,pver,3,3,0.612
pellets,3,a,4,5,26,pver,1,3,0.623
pellets,3,e,4,3,29,pver,8,3,0.652
pellets,3,a,6,3,5,pver,2,3,0.636
pellets,3,d,7,4,14,pver,6,3,0.638
pellets,3,e,8,2,11,pver,9,3,0.667
pellets,3,c,9,1,31,pver,5,3,0.643
pellets,3,e,9,1,27,pver,10,3,0.659
pellets,3,b,10,4,31,pver,4,3,0.644
control,4,c,1,2,30,aten,5,3,na
control,4,d,1,2,50,aten,9,3,na
control,4,e,2,1,18,aten,10,3,na
control,4,b,3,3,41,aten,3,3,na
control,4,b,6,1,25,aten,4,3,na
control,4,c,6,3,42,aten,6,3,na
control,4,c,7,4,36,aten,7,3,0.552
control,4,a,8,4,37,aten,1,3,0.521
control,4,c,8,5,36,aten,8,3,0.49
control,4,a,9,5,27,aten,2,3,na
control,4,a,1,3,19,pdae,1,3,0.679
control,4,b,1,4,11,pdae,4,3,0.685
control,4,e,3,1,7,pdae,9,3,0.714
control,4,c,4,5,26,pdae,5,3,0.722
control,4,d,4,5,53,pdae,7,3,0.669
control,4,a,5,3,41,pdae,2,3,0.695
control,4,a,7,2,8,pdae,3,3,0.73
control,4,c,10,2,9,pdae,6,3,0.763
control,4,d,10,4,16,pdae,8,3,0.692
control,4,e,10,1,49,pdae,10,3,0.721
control,4,a,2,5,37,plut,1,3,0.557
control,4,d,2,3,43,plut,7,3,0.497
control,4,b,5,3,24,plut,3,3,0.545
control,4,c,5,3,59,plut,6,3,0.491
control,4,e,5,5,26,plut,10,3,0.489
control,4,d,6,2,19,plut,8,3,0.317
control,4,b,8,1,28,plut,4,3,0.621
control,4,b,9,2,18,plut,5,3,0.444
control,4,d,9,4,29,plut,9,3,0.507
control,4,a,10,4,40,plut,2,3,0.583
control,4,e,1,5,18,pver,7,3,0.65
control,4,b,2,4,37,pver,3,3,0.672
control,4,a,4,5,7,pver,1,3,0.655
control,4,e,4,3,21,pver,8,3,0.636
control,4,a,6,2,12,pver,2,3,0.871
control,4,d,7,1,29,pver,6,3,0.642
control,4,e,8,4,7,pver,9,3,0.661
control,4,c,9,1,37,pver,5,3,0.748
control,4,e,9,2,28,pver,10,3,0.608
control,4,b,10,3,7,pver,4,3,0.643
dissolved,4,c,1,4,50,aten,5,3,0.505
dissolved,4,d,1,4,46,aten,9,3,0.564
dissolved,4,e,2,5,37,aten,10,3,0.513
dissolved,4,b,3,1,12,aten,3,3,na
dissolved,4,b,6,5,22,aten,4,3,0.5
dissolved,4,c,6,2,19,aten,6,3,na
dissolved,4,c,7,3,48,aten,7,3,na
dissolved,4,a,8,3,8,aten,1,3,0.503
dissolved,4,c,8,2,11,aten,8,3,0.503
dissolved,4,a,9,3,7,aten,2,3,0.472
dissolved,4,a,1,1,13,pdae,1,3,0.732
dissolved,4,b,1,3,32,pdae,4,3,0.624
dissolved,4,e,3,5,25,pdae,9,3,0.6
dissolved,4,c,4,2,43,pdae,5,3,0.706
dissolved,4,d,4,1,53,pdae,7,3,0.694
dissolved,4,a,5,4,10,pdae,2,3,0.687
dissolved,4,a,7,3,43,pdae,3,3,0.694
dissolved,4,c,10,4,9,pdae,6,3,0.693
dissolved,4,d,10,5,27,pdae,8,3,0.666
dissolved,4,e,10,2,51,pdae,10,3,0.727
dissolved,4,a,2,2,21,plut,1,3,0.45
dissolved,4,d,2,3,37,plut,7,3,0.52
dissolved,4,b,5,2,9,plut,3,3,0.681
dissolved,4,c,5,3,9,plut,6,3,0.535
dissolved,4,e,5,4,34,plut,10,3,0.558
dissolved,4,d,6,5,34,plut,8,3,0.53
dissolved,4,b,8,5,25,plut,4,3,0.521
dissolved,4,b,9,4,35,plut,5,3,0.58
dissolved,4,d,9,5,35,plut,9,3,0.538
dissolved,4,a,10,1,20,plut,2,3,0.654
dissolved,4,e,1,3,6,pver,7,3,0.659
dissolved,4,b,2,2,36,pver,3,3,0.618
dissolved,4,a,4,5,12,pver,1,3,0.619
dissolved,4,e,4,4,28,pver,8,3,0.584
dissolved,4,a,6,2,25,pver,2,3,0.617
dissolved,4,d,7,3,40,pver,6,3,0.619
dissolved,4,e,8,1,1,pver,9,3,0.664
dissolved,4,c,9,5,14,pver,5,3,0.665
dissolved,4,e,9,4,2,pver,10,3,0.641
dissolved,4,b,10,1,25,pver,4,3,0.653
fish,4,c,1,3,13,aten,5,3,0.464
fish,4,d,1,2,7,aten,9,3,na
fish,4,e,2,3,22,aten,10,3,na
fish,4,b,3,4,48,aten,3,3,0.481
fish,4,b,6,1,11,aten,4,3,na
fish,4,c,6,4,49,aten,6,3,0.455
fish,4,c,7,5,44,aten,7,3,0.508
fish,4,a,8,2,22,aten,1,3,na
fish,4,c,8,5,29,aten,8,3,0.538
fish,4,a,9,5,42,aten,2,3,na
fish,4,a,1,4,1,pdae,1,3,0.68
fish,4,b,1,5,43,pdae,4,3,0.661
fish,4,e,3,2,2,pdae,9,3,0.705
fish,4,c,4,5,39,pdae,5,3,0.671
fish,4,d,4,4,45,pdae,7,3,0.7
fish,4,a,5,2,22,pdae,2,3,0.72
fish,4,a,7,3,4,pdae,3,3,0.685
fish,4,c,10,1,31,pdae,6,3,0.728
fish,4,d,10,1,38,pdae,8,3,0.713
fish,4,e,10,3,39,pdae,10,3,0.699
fish,4,a,2,3,27,plut,1,3,0.556
fish,4,d,2,3,64,plut,7,3,0.562
fish,4,b,5,5,50,plut,3,3,0.519
fish,4,c,5,5,24,plut,6,3,0.544
fish,4,e,5,2,1,plut,10,3,0.428
fish,4,d,6,5,43,plut,8,3,0.498
fish,4,b,8,2,51,plut,4,3,0.433
fish,4,b,9,4,54,plut,5,3,0.573
fish,4,d,9,4,32,plut,9,3,0.58
fish,4,a,10,1,2,plut,2,3,0.768
fish,4,e,1,4,25,pver,7,3,0.588
fish,4,b,2,5,43,pver,3,3,0.651
fish,4,a,4,5,24,pver,1,3,0.561
fish,4,e,4,3,44,pver,8,3,0.624
fish,4,a,6,1,30,pver,2,3,0.64
fish,4,d,7,3,42,pver,6,3,0.61
fish,4,e,8,4,8,pver,9,3,0.601
fish,4,c,9,2,20,pver,5,3,0.602
fish,4,e,9,2,27,pver,10,3,0.622
fish,4,b,10,1,39,pver,4,3,0.644
livefeeds,4,c,1,2,15,aten,5,3,na
livefeeds,4,d,1,3,28,aten,9,3,na
livefeeds,4,e,2,2,8,aten,10,3,na
livefeeds,4,b,3,3,23,aten,3,3,na
livefeeds,4,b,6,1,8,aten,4,3,na
livefeeds,4,c,6,5,21,aten,6,3,na
livefeeds,4,c,7,5,28,aten,7,3,na
livefeeds,4,a,8,4,39,aten,1,3,0.651
livefeeds,4,c,8,4,45,aten,8,3,0.658
livefeeds,4,a,9,4,47,aten,2,3,0.505
livefeeds,4,a,1,4,38,pdae,1,3,0.692
livefeeds,4,b,1,5,42,pdae,4,3,0.668
livefeeds,4,e,3,2,5,pdae,9,3,0.718
livefeeds,4,c,4,3,10,pdae,5,3,0.704
livefeeds,4,d,4,3,46,pdae,7,3,0.695
livefeeds,4,a,5,5,41,pdae,2,3,0.684
livefeeds,4,a,7,1,18,pdae,3,3,0.659
livefeeds,4,c,10,2,42,pdae,6,3,0.71
livefeeds,4,d,10,4,13,pdae,8,3,0.707
livefeeds,4,e,10,1,30,pdae,10,3,0.71
livefeeds,4,a,2,4,50,plut,1,3,0.532
livefeeds,4,d,2,3,19,plut,7,3,0.524
livefeeds,4,b,5,2,47,plut,3,3,0.377
livefeeds,4,c,5,3,35,plut,6,3,0.534
livefeeds,4,e,5,5,38,plut,10,3,0.483
livefeeds,4,d,6,5,39,plut,8,3,0.54
livefeeds,4,b,8,2,23,plut,4,3,0.527
livefeeds,4,b,9,3,10,plut,5,3,0.59
livefeeds,4,d,9,4,58,plut,9,3,0.615
livefeeds,4,a,10,1,30,plut,2,3,0.651
livefeeds,4,e,1,5,19,pver,7,3,0.651
livefeeds,4,b,2,3,43,pver,3,3,0.66
livefeeds,4,a,4,5,13,pver,1,3,0.609
livefeeds,4,e,4,2,19,pver,8,3,0.614
livefeeds,4,a,6,2,18,pver,2,3,0.605
livefeeds,4,d,7,1,40,pver,6,3,0.715
livefeeds,4,e,8,1,33,pver,9,3,0.696
livefeeds,4,c,9,4,4,pver,5,3,0.637
livefeeds,4,e,9,3,39,pver,10,3,0.65
livefeeds,4,b,10,4,16,pver,4,3,0.656
mix,4,c,1,2,36,aten,5,3,na
mix,4,d,1,3,6,aten,9,3,na
mix,4,e,2,3,38,aten,10,3,na
mix,4,b,3,1,35,aten,3,3,na
mix,4,b,6,1,47,aten,4,3,0.52
mix,4,c,6,4,15,aten,6,3,0.534
mix,4,c,7,4,28,aten,7,3,0.534
mix,4,a,8,5,17,aten,1,3,0.545
mix,4,c,8,2,40,aten,8,3,na
mix,4,a,9,5,16,aten,2,3,0.51
mix,4,a,1,3,5,pdae,1,3,0.659
mix,4,b,1,5,6,pdae,4,3,0.664
mix,4,e,3,1,12,pdae,9,3,0.69
mix,4,c,4,4,28,pdae,5,3,0.668
mix,4,d,4,1,21,pdae,7,3,0.71
mix,4,a,5,5,11,pdae,2,3,0.681
mix,4,a,7,2,47,pdae,3,3,0.717
mix,4,c,10,3,16,pdae,6,3,0.715
mix,4,d,10,2,33,pdae,8,3,0.7
mix,4,e,10,4,35,pdae,10,3,0.706
mix,4,a,2,2,33,plut,1,3,0.38
mix,4,d,2,5,44,plut,7,3,0.57
mix,4,b,5,1,16,plut,3,3,0.67
mix,4,c,5,2,14,plut,6,3,0.469
mix,4,e,5,3,3,plut,10,3,0.608
mix,4,d,6,5,28,plut,8,3,0.603
mix,4,b,8,4,37,plut,4,3,0.62
mix,4,b,9,3,62,plut,5,3,0.595
mix,4,d,9,4,47,plut,9,3,0.59
mix,4,a,10,1,4,plut,2,3,0.674
mix,4,e,1,4,11,pver,7,3,0.68
mix,4,b,2,4,26,pver,3,3,0.573
mix,4,a,4,5,37,pver,1,3,0.618
mix,4,e,4,3,14,pver,8,3,0.634
mix,4,a,6,2,2,pver,2,3,0.631
mix,4,d,7,2,39,pver,6,3,0.602
mix,4,e,8,5,42,pver,9,3,0.654
mix,4,c,9,1,17,pver,5,3,0.646
mix,4,e,9,3,9,pver,10,3,0.717
mix,4,b,10,1,12,pver,4,3,0.684
pellets,4,c,1,3,4,aten,5,3,na
pellets,4,d,1,5,41,aten,9,3,0.498
pellets,4,e,2,5,33,aten,10,3,0.525
pellets,4,b,3,4,35,aten,3,3,na
pellets,4,b,6,4,38,aten,4,3,0.456
pellets,4,c,6,3,5,aten,6,3,na
pellets,4,c,7,2,4,aten,7,3,na
pellets,4,a,8,1,15,aten,1,3,0.578
pellets,4,c,8,2,5,aten,8,3,na
pellets,4,a,9,2,3,aten,2,3,0.52
pellets,4,a,1,4,26,pdae,1,3,0.682
pellets,4,b,1,4,14,pdae,4,3,0.683
pellets,4,e,3,3,37,pdae,9,3,0.616
pellets,4,c,4,2,4,pdae,5,3,0.647
pellets,4,d,4,3,9,pdae,7,3,0.553
pellets,4,a,5,1,14,pdae,2,3,0.691
pellets,4,a,7,5,15,pdae,3,3,0.651
pellets,4,c,10,1,32,pdae,6,3,0.705
pellets,4,d,10,2,48,pdae,8,3,0.697
pellets,4,e,10,5,30,pdae,10,3,0.664
pellets,4,a,2,5,41,plut,1,3,0.582
pellets,4,d,2,3,5,plut,7,3,0.555
pellets,4,b,5,2,2,plut,3,3,0.481
pellets,4,c,5,5,31,plut,6,3,0.57
pellets,4,e,5,2,32,plut,10,3,0.526
pellets,4,d,6,3,41,plut,8,3,0.579
pellets,4,b,8,4,49,plut,4,3,0.62
pellets,4,b,9,4,52,plut,5,3,0.673
pellets,4,d,9,1,29,plut,9,3,0.69
pellets,4,a,10,3,40,plut,2,3,0.639
pellets,4,e,1,5,6,pver,7,3,0.649
pellets,4,b,2,5,25,pver,3,3,na
pellets,4,a,4,4,3,pver,1,3,0.683
pellets,4,e,4,3,37,pver,8,3,na
pellets,4,a,6,2,26,pver,2,3,0.685
pellets,4,d,7,4,15,pver,6,3,0.629
pellets,4,e,8,1,50,pver,9,3,0.66
pellets,4,c,9,1,23,pver,5,3,0.668
pellets,4,e,9,3,17,pver,10,3,na
pellets,4,b,10,2,6,pver,4,3,0.691